ticket_id,projekt,reporter,assignee,prioritet,status,datum_kreiranja,dan,mjesec,godina,kvartal,dan_u_tjednu,sati_rjesavanja,dana_rjesavanja,broj_komentara,sati_open,sati_in_progress,sati_resolved,sati_waiting
10027000,"Project Atlas","Katarina Kovačić",NULL,unknown,closed,2007-04-15,15,4,2007,2,Sunday,99220.54,4134.19,7,99220.54,NULL,NULL,NULL
10028000,"Project Phoenix","Josip Božić",NULL,unknown,closed,2007-04-15,15,4,2007,2,Sunday,99216.46,4134.02,4,99216.46,NULL,NULL,NULL
10048000,"Project Quantum","Ivana Knežević",NULL,unknown,closed,2007-04-16,16,4,2007,2,Monday,99189.21,4132.88,2,99189.21,NULL,NULL,NULL
10051000,"Project Phoenix","Petar Marić",NULL,unknown,closed,2007-04-17,17,4,2007,2,Tuesday,99173.44,4132.23,6,99173.44,NULL,NULL,NULL
10053000,"Project Eclipse","Katarina Kovačić",NULL,unknown,closed,2007-04-17,17,4,2007,2,Tuesday,99172.79,4132.20,4,99172.79,NULL,NULL,NULL
10058000,"Project Nexus","Petar Babić",NULL,unknown,closed,2007-04-18,18,4,2007,2,Wednesday,99148.05,4131.17,3,99148.05,NULL,NULL,NULL
10059000,"Project Solaris","Josip Horvat",NULL,unknown,closed,2007-04-18,18,4,2007,2,Wednesday,99145.17,4131.05,4,99145.17,NULL,NULL,NULL
10064000,"Project Quantum","Ivana Knežević",NULL,unknown,closed,2007-04-22,22,4,2007,2,Sunday,99048.65,4127.03,10,99048.65,NULL,NULL,NULL
10068000,"Project Orion","Marko Novak",NULL,unknown,closed,2007-04-23,23,4,2007,2,Monday,99027.92,4126.16,6,99027.92,NULL,NULL,NULL
10070000,"Project Quantum","Ivana Knežević",NULL,unknown,closed,2007-04-24,24,4,2007,2,Tuesday,98995.70,4124.82,7,98995.70,NULL,NULL,NULL
10071000,"Project Orion","Marko Novak",NULL,unknown,closed,2007-04-24,24,4,2007,2,Tuesday,98999.41,4124.98,5,98999.41,NULL,NULL,NULL
10072000,"Project Quantum","Ivana Knežević",NULL,unknown,closed,2007-04-24,24,4,2007,2,Tuesday,98993.92,4124.75,5,98993.92,NULL,NULL,NULL
10073000,"Project Solaris","Josip Horvat",NULL,unknown,closed,2007-04-24,24,4,2007,2,Tuesday,98996.53,4124.86,4,98996.53,NULL,NULL,NULL
10074000,"Project Quantum","Ivana Knežević",NULL,unknown,closed,2007-04-25,25,4,2007,2,Wednesday,98979.05,4124.13,4,98979.05,NULL,NULL,NULL
10075000,"Project Quantum","Ivana Knežević",NULL,unknown,closed,2007-04-25,25,4,2007,2,Wednesday,98978.71,4124.11,4,98978.71,NULL,NULL,NULL
10076000,"Project Quantum","Ivana Knežević",NULL,unknown,closed,2007-04-25,25,4,2007,2,Wednesday,98978.47,4124.10,4,98978.47,NULL,NULL,NULL
10078000,"Project Orion","Marko Novak",NULL,unknown,closed,2007-04-25,25,4,2007,2,Wednesday,98980.06,4124.17,5,98980.06,NULL,NULL,NULL
10083000,"Project Orion","Marko Novak",NULL,unknown,closed,2007-04-26,26,4,2007,2,Thursday,98958.06,4123.25,5,98958.06,NULL,NULL,NULL
10088000,"Project Quantum","Ivana Knežević",NULL,unknown,closed,2007-04-26,26,4,2007,2,Thursday,98948.11,4122.84,3,98948.11,NULL,NULL,NULL
10089000,"Project Orion","Marko Novak",NULL,unknown,closed,2007-04-29,29,4,2007,2,Sunday,98885.17,4120.22,6,98885.17,NULL,NULL,NULL
10091000,"Project Atlas","Katarina Kovačić",NULL,unknown,closed,2007-04-30,30,4,2007,2,Monday,98861.39,4119.22,29,98861.39,NULL,NULL,NULL
10092000,"Project Atlas","Katarina Kovačić",NULL,unknown,closed,2007-04-30,30,4,2007,2,Monday,98861.38,4119.22,3,98861.38,NULL,NULL,NULL
10094000,"Project Orion","Marko Novak",NULL,unknown,closed,2007-04-30,30,4,2007,2,Monday,98859.46,4119.14,5,98859.46,NULL,NULL,NULL
10095000,"Project Orion","Marko Novak",NULL,unknown,closed,2007-04-30,30,4,2007,2,Monday,98859.34,4119.14,5,98859.34,NULL,NULL,NULL
10096000,"Project Orion","Marko Novak",NULL,unknown,closed,2007-04-30,30,4,2007,2,Monday,98857.50,4119.06,5,98857.50,NULL,NULL,NULL
10098000,"Project Atlas","Katarina Kovačić",NULL,unknown,closed,2007-05-02,2,5,2007,2,Wednesday,98814.30,4117.26,6,98814.30,NULL,NULL,NULL
10100000,"Project Quantum","Ivana Knežević",NULL,unknown,closed,2007-05-02,2,5,2007,2,Wednesday,98803.37,4116.81,9,98803.37,NULL,NULL,NULL
10101000,"Project Apollo","Katarina Božić",NULL,unknown,closed,2007-05-02,2,5,2007,2,Wednesday,98807.38,4116.97,11,98807.38,NULL,NULL,NULL
10102000,"Project Orion","Marko Novak",NULL,unknown,closed,2007-05-03,3,5,2007,2,Thursday,98787.24,4116.14,5,98787.24,NULL,NULL,NULL
10103000,"Project Orion","Marko Novak",NULL,unknown,closed,2007-05-03,3,5,2007,2,Thursday,98786.84,4116.12,5,98786.84,NULL,NULL,NULL
10104000,"Project Orion","Marko Novak",NULL,unknown,closed,2007-05-03,3,5,2007,2,Thursday,98790.36,4116.27,6,98790.36,NULL,NULL,NULL
10107000,"Project Orion","Marko Novak",NULL,unknown,closed,2007-05-03,3,5,2007,2,Thursday,98784.65,4116.03,5,98784.65,NULL,NULL,NULL
10108000,"Project Quantum","Ivana Knežević",NULL,unknown,closed,2007-05-03,3,5,2007,2,Thursday,98781.35,4115.89,5,98781.35,NULL,NULL,NULL
10109000,"Project Quantum","Ivana Knežević",NULL,unknown,closed,2007-05-03,3,5,2007,2,Thursday,98781.30,4115.89,7,98781.30,NULL,NULL,NULL
10110000,"Project Atlas","Katarina Kovačić",NULL,unknown,closed,2007-05-06,6,5,2007,2,Sunday,98717.24,4113.22,3,98717.24,NULL,NULL,NULL
10111000,"Project Quantum","Ivana Knežević",NULL,unknown,closed,2007-05-06,6,5,2007,2,Sunday,98711.63,4112.98,7,98711.63,NULL,NULL,NULL
10112000,"Project Quantum","Ivana Knežević",NULL,unknown,closed,2007-05-06,6,5,2007,2,Sunday,98711.58,4112.98,7,98711.58,NULL,NULL,NULL
10113000,"Project Nova","Ana Marić",NULL,unknown,closed,2007-05-06,6,5,2007,2,Sunday,98712.46,4113.02,13,98712.46,NULL,NULL,NULL
10114000,"Project Zenith","Ivana Horvat",NULL,unknown,closed,2007-05-06,6,5,2007,2,Sunday,98711.82,4112.99,2,98711.82,NULL,NULL,NULL
10119000,"Project Nexus","Petar Babić",NULL,unknown,closed,2007-05-08,8,5,2007,2,Tuesday,98669.92,4111.25,4,98669.92,NULL,NULL,NULL
10123000,"Project Atlas","Katarina Kovačić",NULL,unknown,closed,2007-05-09,9,5,2007,2,Wednesday,98640.46,4110.02,4,98640.46,NULL,NULL,NULL
10124000,"Project Quantum","Marko Knežević",NULL,unknown,closed,2007-05-10,10,5,2007,2,Thursday,98617.24,4109.05,3,98617.24,NULL,NULL,NULL
10127000,"Project Nova","Ana Marić",NULL,unknown,closed,2007-05-13,13,5,2007,2,Sunday,98548.22,4106.18,4,98548.22,NULL,NULL,NULL
10128000,"Project Solaris","Josip Horvat",NULL,unknown,closed,2007-05-14,14,5,2007,2,Monday,98519.35,4104.97,3,98519.35,NULL,NULL,NULL
10129000,"Project Apollo","Petar Božić",NULL,unknown,closed,2007-05-15,15,5,2007,2,Tuesday,98502.97,4104.29,12,98502.97,NULL,NULL,NULL
10130000,"Project Apollo","Petar Božić",NULL,unknown,closed,2007-05-15,15,5,2007,2,Tuesday,98500.19,4104.17,6,98500.19,NULL,NULL,NULL
10131000,"Project Nova","Ana Marić",NULL,unknown,closed,2007-05-15,15,5,2007,2,Tuesday,98496.49,4104.02,10,98496.49,NULL,NULL,NULL
10132000,"Project Vega","Katarina Vuković",NULL,unknown,closed,2007-05-15,15,5,2007,2,Tuesday,98496.13,4104.01,15,98496.13,NULL,NULL,NULL
10133000,"Project Solaris","Josip Horvat",NULL,unknown,closed,2007-05-16,16,5,2007,2,Wednesday,98474.65,4103.11,4,98474.65,NULL,NULL,NULL
10134000,"Project Vega","Petar Knežević",NULL,unknown,closed,2007-05-17,17,5,2007,2,Thursday,98452.55,4102.19,6,98452.55,NULL,NULL,NULL
10136000,"Project Horizon","Luka Horvat",NULL,unknown,closed,2007-05-20,20,5,2007,2,Sunday,98383.03,4099.29,6,98383.03,NULL,NULL,NULL
10139000,"Project Vega","Katarina Vuković",NULL,unknown,closed,2007-05-21,21,5,2007,2,Monday,98352.13,4098.01,4,98352.13,NULL,NULL,NULL
10140000,"Project Orion","Marko Novak",NULL,unknown,closed,2007-05-22,22,5,2007,2,Tuesday,98326.11,4096.92,6,98326.11,NULL,NULL,NULL
10141000,"Project Horizon","Katarina Kovačić",NULL,unknown,closed,2007-05-23,23,5,2007,2,Wednesday,98308.78,4096.20,4,98308.78,NULL,NULL,NULL
10142000,"Project Quantum","Ivana Knežević",NULL,unknown,closed,2007-05-23,23,5,2007,2,Wednesday,98304.22,4096.01,6,98304.22,NULL,NULL,NULL
10143000,"Project Apollo","Petar Božić",NULL,unknown,closed,2007-05-24,24,5,2007,2,Thursday,98286.51,4095.27,5,98286.51,NULL,NULL,NULL
10145000,"Project Solaris","Josip Horvat",NULL,unknown,closed,2007-05-27,27,5,2007,2,Sunday,98212.07,4092.17,5,98212.07,NULL,NULL,NULL
10146000,"Project Orion","Marko Novak",NULL,unknown,closed,2007-05-27,27,5,2007,2,Sunday,98210.15,4092.09,4,98210.15,NULL,NULL,NULL
10147000,"Project Vega","Petra Novak",NULL,unknown,closed,2007-05-27,27,5,2007,2,Sunday,98205.72,4091.91,5,98205.72,NULL,NULL,NULL
10149000,"Project Quantum","Ivana Knežević",NULL,unknown,closed,2007-05-29,29,5,2007,2,Tuesday,98162.92,4090.12,5,98162.92,NULL,NULL,NULL
10150000,"Project Orion","Marko Novak",NULL,unknown,closed,2007-05-29,29,5,2007,2,Tuesday,98163.47,4090.14,7,98163.47,NULL,NULL,NULL
10151000,"Project Solaris","Josip Horvat",NULL,unknown,closed,2007-05-30,30,5,2007,2,Wednesday,98142.05,4089.25,8,98142.05,NULL,NULL,NULL
10153000,"Project Atlas","Katarina Kovačić",NULL,unknown,closed,2007-05-30,30,5,2007,2,Wednesday,98140.89,4089.20,5,98140.89,NULL,NULL,NULL
10154000,"Project Vega","Katarina Vuković",NULL,unknown,closed,2007-05-30,30,5,2007,2,Wednesday,98135.98,4089.00,9,98135.98,NULL,NULL,NULL
10155000,"Project Quantum","Ivana Knežević",NULL,unknown,closed,2007-05-31,31,5,2007,2,Thursday,98113.92,4088.08,5,98113.92,NULL,NULL,NULL
10156000,"Project Quantum","Ivana Knežević",NULL,unknown,closed,2007-05-31,31,5,2007,2,Thursday,98113.87,4088.08,5,98113.87,NULL,NULL,NULL
10157000,"Project Atlas","Katarina Kovačić",NULL,unknown,closed,2007-05-31,31,5,2007,2,Thursday,98117.51,4088.23,6,98117.51,NULL,NULL,NULL
10158000,"Project Atlas","Katarina Kovačić",NULL,unknown,closed,2007-05-31,31,5,2007,2,Thursday,98114.28,4088.10,12,98114.28,NULL,NULL,NULL
10159000,"Project Quantum","Ivana Knežević",NULL,unknown,closed,2007-06-03,3,6,2007,2,Sunday,98043.77,4085.16,5,98043.77,NULL,NULL,NULL
10160000,"Project Vega","Petra Novak",NULL,unknown,closed,2007-06-03,3,6,2007,2,Sunday,98042.56,4085.11,13,98042.56,NULL,NULL,NULL
10161000,"Project Vega","Petra Novak",NULL,unknown,closed,2007-06-03,3,6,2007,2,Sunday,98038.81,4084.95,9,98038.81,NULL,NULL,NULL
10163000,"Project Quantum","Ivana Knežević",NULL,unknown,closed,2007-06-04,4,6,2007,2,Monday,98017.87,4084.08,5,98017.87,NULL,NULL,NULL
10164000,"Project Quantum","Ivana Knežević",NULL,unknown,closed,2007-06-04,4,6,2007,2,Monday,98017.79,4084.07,6,98017.79,NULL,NULL,NULL
10165000,"Project Vega","Petar Knežević",NULL,unknown,closed,2007-06-04,4,6,2007,2,Monday,98015.56,4083.98,11,98015.56,NULL,NULL,NULL
10166000,"Project Quantum","Ivana Knežević",NULL,unknown,closed,2007-06-05,5,6,2007,2,Tuesday,97995.33,4083.14,14,97995.33,NULL,NULL,NULL
10167000,"Project Vega","Petra Novak",NULL,unknown,closed,2007-06-05,5,6,2007,2,Tuesday,97989.06,4082.88,14,97989.06,NULL,NULL,NULL
10168000,"Project Orion","Marko Novak",NULL,unknown,closed,2007-06-06,6,6,2007,2,Wednesday,97974.00,4082.25,7,97974.00,NULL,NULL,NULL
10173000,"Project Zenith","Katarina Marić",NULL,unknown,closed,2007-06-10,10,6,2007,2,Sunday,97877.97,4078.25,16,97877.97,NULL,NULL,NULL
10176000,"Project Atlas","Katarina Kovačić",NULL,unknown,closed,2007-06-12,12,6,2007,2,Tuesday,97830.83,4076.28,7,97830.83,NULL,NULL,NULL
10177000,"Project Apollo","Katarina Božić",NULL,unknown,closed,2007-06-12,12,6,2007,2,Tuesday,97830.59,4076.27,5,97830.59,NULL,NULL,NULL
10178000,"Project Orion","Marko Novak",NULL,unknown,closed,2007-06-13,13,6,2007,2,Wednesday,97806.58,4075.27,11,97806.58,NULL,NULL,NULL
10181000,"Project Atlas","Katarina Kovačić",NULL,unknown,closed,2007-06-19,19,6,2007,2,Tuesday,97660.65,4069.19,8,97660.65,NULL,NULL,NULL
10184000,"Project Quantum","Ivana Knežević",NULL,unknown,closed,2007-06-19,19,6,2007,2,Tuesday,97654.94,4068.96,6,97654.94,NULL,NULL,NULL
10185000,"Project Solaris","Josip Horvat",NULL,unknown,closed,2007-06-19,19,6,2007,2,Tuesday,97658.06,4069.09,13,97658.06,NULL,NULL,NULL
10186000,"Project Phoenix","Petar Marić",NULL,unknown,closed,2007-06-19,19,6,2007,2,Tuesday,97656.58,4069.02,4,97656.58,NULL,NULL,NULL
10187000,"Project Orion","Marko Novak",NULL,unknown,closed,2007-06-19,19,6,2007,2,Tuesday,97656.23,4069.01,11,97656.23,NULL,NULL,NULL
10188000,"Project Orion","Marko Novak",NULL,unknown,closed,2007-06-19,19,6,2007,2,Tuesday,97656.19,4069.01,7,97656.19,NULL,NULL,NULL
10191000,"Project Orion","Marko Novak",NULL,unknown,closed,2007-06-20,20,6,2007,2,Wednesday,97635.35,4068.14,9,97635.35,NULL,NULL,NULL
10192000,"Project Solaris","Josip Horvat",NULL,unknown,closed,2007-06-20,20,6,2007,2,Wednesday,97634.23,4068.09,8,97634.23,NULL,NULL,NULL
10193000,"Project Orion","Marko Novak",NULL,unknown,closed,2007-06-21,21,6,2007,2,Thursday,97614.80,4067.28,5,97614.80,NULL,NULL,NULL
10194000,"Project Quantum","Ivana Knežević",NULL,unknown,closed,2007-06-21,21,6,2007,2,Thursday,97608.94,4067.04,7,97608.94,NULL,NULL,NULL
10195000,"Project Orion","Marko Novak",NULL,unknown,closed,2007-06-21,21,6,2007,2,Thursday,97612.84,4067.20,2,97612.84,NULL,NULL,NULL
10196000,"Project Vega","Katarina Vuković",NULL,unknown,closed,2007-06-24,24,6,2007,2,Sunday,97539.07,4064.13,9,97539.07,NULL,NULL,NULL
10198000,"Project Nova","Ana Marić",NULL,unknown,closed,2007-06-25,25,6,2007,2,Monday,97514.60,4063.11,9,97514.60,NULL,NULL,NULL
10199000,"Project Orion","Marko Novak",NULL,unknown,closed,2007-06-30,30,6,2007,2,Saturday,97391.44,4057.98,5,97391.44,NULL,NULL,NULL
10200000,"Project Orion","Marko Novak",NULL,unknown,closed,2007-06-30,30,6,2007,2,Saturday,97391.41,4057.98,5,97391.41,NULL,NULL,NULL
10210000,"Project Phoenix","Josip Božić",NULL,unknown,closed,2007-07-05,5,7,2007,3,Thursday,97272.23,4053.01,3,97272.23,NULL,NULL,NULL
10214000,"Project Phoenix","Petar Marić",NULL,unknown,closed,2007-07-05,5,7,2007,3,Thursday,97271.70,4052.99,2,97271.70,NULL,NULL,NULL
10215000,"Project Phoenix","Petar Marić",NULL,unknown,closed,2007-07-05,5,7,2007,3,Thursday,97271.60,4052.98,2,97271.60,NULL,NULL,NULL
10216000,"Project Nova","Ana Božić",NULL,unknown,closed,2007-07-05,5,7,2007,3,Thursday,95848.33,3993.68,24,95848.31,0.00,0.00,NULL
10218000,"Project Orion","Marko Novak",NULL,unknown,closed,2007-07-07,7,7,2007,3,Saturday,97225.03,4051.04,5,97225.03,NULL,NULL,NULL
10219000,"Project Phoenix","Ivana Novak",NULL,unknown,closed,2007-07-08,8,7,2007,3,Sunday,97207.49,4050.31,9,97207.49,NULL,NULL,NULL
10220000,"Project Horizon","Katarina Kovačić",NULL,unknown,closed,2007-07-08,8,7,2007,3,Sunday,97207.42,4050.31,4,97207.42,NULL,NULL,NULL
10221000,"Project Phoenix","Josip Božić",NULL,unknown,closed,2007-07-08,8,7,2007,3,Sunday,97201.94,4050.08,5,97201.94,NULL,NULL,NULL
10227000,"Project Orion","Marko Novak",NULL,unknown,closed,2007-07-08,8,7,2007,3,Sunday,97202.08,4050.09,6,97202.08,NULL,NULL,NULL
10231000,"Project Solaris","Josip Horvat",NULL,unknown,closed,2007-07-08,8,7,2007,3,Sunday,97194.31,4049.76,5,97194.31,NULL,NULL,NULL
10232000,"Project Phoenix","Ivana Novak",NULL,unknown,closed,2007-07-09,9,7,2007,3,Monday,97183.88,4049.33,3,97183.88,NULL,NULL,NULL
10233000,"Project Orion","Marko Novak",NULL,unknown,closed,2007-07-09,9,7,2007,3,Monday,97178.61,4049.11,6,97178.61,NULL,NULL,NULL
10235000,"Project Vega","Petra Novak",NULL,unknown,closed,2007-07-09,9,7,2007,3,Monday,97180.75,4049.20,5,97180.75,NULL,NULL,NULL
10236000,"Project Phoenix","Ivana Novak",NULL,unknown,closed,2007-07-09,9,7,2007,3,Monday,97180.83,4049.20,7,97180.83,NULL,NULL,NULL
10237000,"Project Orion","Marko Novak",NULL,unknown,closed,2007-07-09,9,7,2007,3,Monday,97179.84,4049.16,22,97179.84,NULL,NULL,NULL
10241000,"Project Eclipse","Katarina Kovačić",NULL,unknown,closed,2007-07-10,10,7,2007,3,Tuesday,97157.57,4048.23,5,97157.57,NULL,NULL,NULL
10242000,"Project Phoenix","Petra Pavlović",NULL,unknown,closed,2007-07-10,10,7,2007,3,Tuesday,97155.37,4048.14,5,97155.37,NULL,NULL,NULL
10244000,"Project Nova","Ana Marić",NULL,unknown,closed,2007-07-10,10,7,2007,3,Tuesday,97152.73,4048.03,8,97152.73,NULL,NULL,NULL
10245000,"Project Zenith","Katarina Marić",NULL,unknown,closed,2007-07-10,10,7,2007,3,Tuesday,97149.66,4047.90,4,97149.66,NULL,NULL,NULL
10246000,"Project Orion","Marko Novak",NULL,unknown,closed,2007-07-11,11,7,2007,3,Wednesday,97130.70,4047.11,18,97130.70,NULL,NULL,NULL
10247000,"Project Vega","Marko Kovačić",NULL,unknown,closed,2007-07-11,11,7,2007,3,Wednesday,97132.45,4047.19,5,97132.45,NULL,NULL,NULL
10248000,"Project Phoenix","Petar Marić",NULL,unknown,closed,2007-07-11,11,7,2007,3,Wednesday,97128.29,4047.01,14,97128.29,NULL,NULL,NULL
10249000,"Project Quantum","Ivana Knežević",NULL,unknown,closed,2007-07-11,11,7,2007,3,Wednesday,97122.76,4046.78,19,97122.76,NULL,NULL,NULL
10250000,"Project Nova","Ana Marić",NULL,unknown,closed,2007-07-11,11,7,2007,3,Wednesday,97126.16,4046.92,5,97126.16,NULL,NULL,NULL
10251000,"Project Quantum","Ivan Horvat",NULL,unknown,closed,2007-07-12,12,7,2007,3,Thursday,97109.34,4046.22,9,97109.34,NULL,NULL,NULL
10252000,"Project Vega","Katarina Vuković",NULL,unknown,closed,2007-07-12,12,7,2007,3,Thursday,97103.81,4045.99,6,97103.81,NULL,NULL,NULL
10253000,"Project Eclipse","Katarina Kovačić",NULL,unknown,closed,2007-07-12,12,7,2007,3,Thursday,97102.62,4045.94,13,97102.62,NULL,NULL,NULL
10254000,"Project Phoenix","Petra Pavlović",NULL,unknown,closed,2007-07-16,16,7,2007,3,Monday,97014.96,4042.29,5,97014.96,NULL,NULL,NULL
10255000,"Project Vega","Katarina Vuković",NULL,unknown,closed,2007-07-16,16,7,2007,3,Monday,97008.49,4042.02,5,97008.49,NULL,NULL,NULL
10256000,"Project Orion","Marko Novak",NULL,unknown,closed,2007-07-16,16,7,2007,3,Monday,97011.90,4042.16,16,97011.90,NULL,NULL,NULL
10257000,"Project Orion","Marko Novak",NULL,unknown,closed,2007-07-16,16,7,2007,3,Monday,97011.86,4042.16,9,97011.86,NULL,NULL,NULL
10258000,"Project Vega","Marko Kovačić",NULL,unknown,closed,2007-07-16,16,7,2007,3,Monday,97009.91,4042.08,5,97009.91,NULL,NULL,NULL
10259000,"Project Atlas","Katarina Kovačić",NULL,unknown,closed,2007-07-17,17,7,2007,3,Tuesday,96991.27,4041.30,7,96991.27,NULL,NULL,NULL
10260000,"Project Horizon","Katarina Kovačić",NULL,unknown,closed,2007-07-17,17,7,2007,3,Tuesday,96987.70,4041.15,5,96987.70,NULL,NULL,NULL
10261000,"Project Vega","Petar Knežević",NULL,unknown,closed,2007-07-18,18,7,2007,3,Wednesday,96966.19,4040.26,8,96966.19,NULL,NULL,NULL
10262000,"Project Orion","Marko Novak",NULL,unknown,closed,2007-07-18,18,7,2007,3,Wednesday,96962.34,4040.10,6,96962.34,NULL,NULL,NULL
10263000,"Project Orion","Marko Novak",NULL,unknown,closed,2007-07-19,19,7,2007,3,Thursday,96943.27,4039.30,8,96943.27,NULL,NULL,NULL
10265000,"Project Phoenix","Ivana Novak",NULL,unknown,closed,2007-07-19,19,7,2007,3,Thursday,96941.58,4039.23,7,96941.58,NULL,NULL,NULL
10268000,"Project Phoenix","Petra Pavlović",NULL,unknown,closed,2007-07-19,19,7,2007,3,Thursday,96938.88,4039.12,21,96938.88,NULL,NULL,NULL
10269000,"Project Phoenix","Ivana Novak",NULL,unknown,closed,2007-07-19,19,7,2007,3,Thursday,96937.29,4039.05,9,96937.29,NULL,NULL,NULL
10270000,"Project Phoenix","Ivana Novak",NULL,unknown,closed,2007-07-22,22,7,2007,3,Sunday,96869.31,4036.22,11,96869.31,NULL,NULL,NULL
10271000,"Project Vega","Katarina Vuković",NULL,unknown,closed,2007-07-22,22,7,2007,3,Sunday,96865.01,4036.04,7,96865.01,NULL,NULL,NULL
10273000,"Project Orion","Marko Novak",NULL,unknown,closed,2007-07-22,22,7,2007,3,Sunday,96861.70,4035.90,7,96861.70,NULL,NULL,NULL
10274000,"Project Apollo","Katarina Božić",NULL,unknown,closed,2007-07-23,23,7,2007,3,Monday,96842.52,4035.11,5,96842.52,NULL,NULL,NULL
10276000,"Project Phoenix","Josip Božić",NULL,unknown,closed,2007-07-24,24,7,2007,3,Tuesday,96816.76,4034.03,17,96816.76,NULL,NULL,NULL
10277000,"Project Nova","Ana Marić",NULL,unknown,closed,2007-07-24,24,7,2007,3,Tuesday,96819.10,4034.13,6,96819.10,NULL,NULL,NULL
10278000,"Project Phoenix","Ivana Novak",NULL,unknown,closed,2007-07-25,25,7,2007,3,Wednesday,96798.83,4033.28,12,96798.83,NULL,NULL,NULL
10279000,"Project Nova","Ana Marić",NULL,unknown,closed,2007-07-25,25,7,2007,3,Wednesday,96791.94,4033.00,9,96791.94,NULL,NULL,NULL
10281000,"Project Quantum","Ivana Knežević",NULL,unknown,closed,2007-07-26,26,7,2007,3,Thursday,96765.92,4031.91,12,96765.92,NULL,NULL,NULL
10282000,"Project Orion","Marko Novak",NULL,unknown,closed,2007-07-28,28,7,2007,3,Saturday,96723.34,4030.14,6,96723.34,NULL,NULL,NULL
10283000,"Project Orion","Marko Novak",NULL,unknown,closed,2007-07-28,28,7,2007,3,Saturday,96723.09,4030.13,5,96723.09,NULL,NULL,NULL
10285000,"Project Vega","Petar Knežević",NULL,unknown,closed,2007-07-29,29,7,2007,3,Sunday,96698.32,4029.10,6,96698.32,NULL,NULL,NULL
10286000,"Project Orion","Marko Novak",NULL,unknown,closed,2007-07-29,29,7,2007,3,Sunday,96696.74,4029.03,11,96696.74,NULL,NULL,NULL
10287000,"Project Apollo","Petar Božić",NULL,unknown,closed,2007-07-30,30,7,2007,3,Monday,96674.83,4028.12,13,96674.83,NULL,NULL,NULL
10290000,"Project Orion","Marko Novak",NULL,unknown,closed,2007-08-02,2,8,2007,3,Thursday,96606.67,4025.28,16,96606.67,NULL,NULL,NULL
10292000,"Project Orion","Marko Novak",NULL,unknown,closed,2007-08-04,4,8,2007,3,Saturday,96552.74,4023.03,6,96552.74,NULL,NULL,NULL
10293000,"Project Quantum","Ivana Knežević",NULL,unknown,closed,2007-08-05,5,8,2007,3,Sunday,96531.07,4022.13,6,96531.07,NULL,NULL,NULL
10294000,"Project Vega","Petar Knežević",NULL,unknown,closed,2007-08-05,5,8,2007,3,Sunday,96534.76,4022.28,7,96534.76,NULL,NULL,NULL
10295000,"Project Vega","Katarina Vuković",NULL,unknown,closed,2007-08-05,5,8,2007,3,Sunday,96532.39,4022.18,86,96532.39,NULL,NULL,NULL
10296000,"Project Phoenix","Josip Božić",NULL,unknown,closed,2007-08-05,5,8,2007,3,Sunday,96526.74,4021.95,9,96526.74,NULL,NULL,NULL
10297000,"Project Vega","Marko Kovačić",NULL,unknown,closed,2007-08-05,5,8,2007,3,Sunday,96530.68,4022.11,13,96530.68,NULL,NULL,NULL
10298000,"Project Vega","Marko Kovačić",NULL,unknown,closed,2007-08-05,5,8,2007,3,Sunday,96529.62,4022.07,5,96529.62,NULL,NULL,NULL
10299000,"Project Quantum","Ivana Knežević",NULL,unknown,closed,2007-08-06,6,8,2007,3,Monday,96506.94,4021.12,8,96506.94,NULL,NULL,NULL
10300000,"Project Solaris","Josip Horvat",NULL,unknown,closed,2007-08-06,6,8,2007,3,Monday,96508.84,4021.20,7,96508.84,NULL,NULL,NULL
10302000,"Project Phoenix","Ivana Novak",NULL,unknown,closed,2007-08-07,7,8,2007,3,Tuesday,96480.76,4020.03,17,96480.76,NULL,NULL,NULL
10303000,"Project Solaris","Josip Horvat",NULL,unknown,closed,2007-08-08,8,8,2007,3,Wednesday,96460.40,4019.18,4,96460.40,NULL,NULL,NULL
10304000,"Project Orion","Marko Novak",NULL,unknown,closed,2007-08-08,8,8,2007,3,Wednesday,96459.93,4019.16,4,96459.93,NULL,NULL,NULL
10305000,"Project Quantum","Ivan Horvat",NULL,unknown,closed,2007-08-08,8,8,2007,3,Wednesday,96454.23,4018.93,6,96454.23,NULL,NULL,NULL
10306000,"Project Solaris","Josip Horvat",NULL,unknown,closed,2007-08-09,9,8,2007,3,Thursday,96435.67,4018.15,4,96435.67,NULL,NULL,NULL
10307000,"Project Vega","Petar Knežević",NULL,unknown,closed,2007-08-12,12,8,2007,3,Sunday,96366.65,4015.28,5,96366.65,NULL,NULL,NULL
10309000,"Project Vega","Petra Novak",NULL,unknown,closed,2007-08-12,12,8,2007,3,Sunday,96361.72,4015.07,6,96361.72,NULL,NULL,NULL
10311000,"Project Nova","Ana Marić",NULL,unknown,closed,2007-08-13,13,8,2007,3,Monday,96341.19,4014.22,6,96341.19,NULL,NULL,NULL
10313000,"Project Vega","Petar Knežević",NULL,unknown,closed,2007-08-13,13,8,2007,3,Monday,96337.12,4014.05,5,96337.12,NULL,NULL,NULL
10314000,"Project Orion","Marko Novak",NULL,unknown,closed,2007-08-14,14,8,2007,3,Tuesday,96315.50,4013.15,38,96315.50,NULL,NULL,NULL
10315000,"Project Vega","Petra Novak",NULL,unknown,closed,2007-08-15,15,8,2007,3,Wednesday,96288.27,4012.01,3,96288.27,NULL,NULL,NULL
10317000,"Project Solaris","Josip Horvat",NULL,unknown,closed,2007-08-15,15,8,2007,3,Wednesday,96290.76,4012.12,9,96290.76,NULL,NULL,NULL
10319000,"Project Vega","Petar Knežević",NULL,unknown,closed,2007-08-15,15,8,2007,3,Wednesday,96289.59,4012.07,14,96289.59,NULL,NULL,NULL
10321000,"Project Atlas","Katarina Kovačić",NULL,unknown,closed,2007-08-16,16,8,2007,3,Thursday,96264.48,4011.02,6,96264.48,NULL,NULL,NULL
10322000,"Project Apollo","Katarina Božić",NULL,unknown,closed,2007-08-19,19,8,2007,3,Sunday,96197.91,4008.25,9,96197.91,NULL,NULL,NULL
10323000,"Project Zenith","Ivana Horvat",NULL,unknown,closed,2007-08-19,19,8,2007,3,Sunday,96197.58,4008.23,13,96197.58,NULL,NULL,NULL
10324000,"Project Vega","Petar Knežević",NULL,unknown,closed,2007-08-19,19,8,2007,3,Sunday,96196.60,4008.19,17,96196.60,NULL,NULL,NULL
10325000,"Project Vega","Petar Knežević",NULL,unknown,closed,2007-08-19,19,8,2007,3,Sunday,96190.31,4007.93,13,96190.31,NULL,NULL,NULL
10331000,"Project Quantum","Ivana Knežević",NULL,unknown,closed,2007-08-20,20,8,2007,3,Monday,96166.66,4006.94,10,96166.66,NULL,NULL,NULL
10332000,"Project Phoenix","Ivana Novak",NULL,unknown,closed,2007-08-20,20,8,2007,3,Monday,96169.98,4007.08,14,96169.98,NULL,NULL,NULL
10337000,"Project Apollo","Katarina Božić",NULL,unknown,closed,2007-08-21,21,8,2007,3,Tuesday,96145.82,4006.08,20,96145.82,NULL,NULL,NULL
10339000,"Project Solaris","Josip Horvat",NULL,unknown,closed,2007-08-22,22,8,2007,3,Wednesday,96120.86,4005.04,11,96120.86,NULL,NULL,NULL
10341000,"Project Vega","Petar Knežević",NULL,unknown,closed,2007-08-23,23,8,2007,3,Thursday,96102.21,4004.26,8,96102.21,NULL,NULL,NULL
10347000,"Project Quantum","Ivana Knežević",NULL,unknown,closed,2007-08-26,26,8,2007,3,Sunday,96024.18,4001.01,19,96024.18,NULL,NULL,NULL
10349000,"Project Quantum","Ivana Knežević",NULL,unknown,closed,2007-08-26,26,8,2007,3,Sunday,96021.37,4000.89,12,96021.37,NULL,NULL,NULL
10350000,"Project Eclipse","Katarina Kovačić",NULL,unknown,closed,2007-08-27,27,8,2007,3,Monday,96007.47,4000.31,8,96007.47,NULL,NULL,NULL
10352000,"Project Vega","Petar Knežević",NULL,unknown,closed,2007-08-27,27,8,2007,3,Monday,96005.80,4000.24,3,96005.80,NULL,NULL,NULL
10353000,"Project Vega","Petar Knežević",NULL,unknown,closed,2007-08-28,28,8,2007,3,Tuesday,95977.75,3999.07,11,95977.75,NULL,NULL,NULL
10354000,"Project Solaris","Josip Horvat",NULL,unknown,closed,2007-08-28,28,8,2007,3,Tuesday,95978.92,3999.12,12,95978.92,NULL,NULL,NULL
10355000,"Project Zenith","Katarina Marić",NULL,unknown,closed,2007-08-28,28,8,2007,3,Tuesday,95975.87,3998.99,8,95975.87,NULL,NULL,NULL
10356000,"Project Phoenix","Ivana Novak",NULL,unknown,closed,2007-08-30,30,8,2007,3,Thursday,95933.36,3997.22,5,95933.36,NULL,NULL,NULL
10357000,"Project Atlas","Katarina Kovačić",NULL,unknown,closed,2007-08-30,30,8,2007,3,Thursday,95932.65,3997.19,42,95932.65,NULL,NULL,NULL
10359000,"Project Vega","Petar Knežević",NULL,unknown,closed,2007-08-30,30,8,2007,3,Thursday,95931.90,3997.16,6,95931.90,NULL,NULL,NULL
10361000,"Project Quantum","Ivana Knežević",NULL,unknown,closed,2007-09-02,2,9,2007,3,Sunday,95856.99,3994.04,6,95856.99,NULL,NULL,NULL
10362000,"Project Phoenix","Josip Božić",NULL,unknown,closed,2007-09-03,3,9,2007,3,Monday,95834.46,3993.10,20,95834.46,NULL,NULL,NULL
10363000,"Project Atlas","Katarina Kovačić",NULL,unknown,closed,2007-09-03,3,9,2007,3,Monday,95838.15,3993.26,21,95838.15,NULL,NULL,NULL
10364000,"Project Nova","Ana Marić",NULL,unknown,closed,2007-09-03,3,9,2007,3,Monday,95836.79,3993.20,10,95836.79,NULL,NULL,NULL
10365000,"Project Phoenix","Ivana Novak",NULL,unknown,closed,2007-09-03,3,9,2007,3,Monday,95835.97,3993.17,15,95835.97,NULL,NULL,NULL
10366000,"Project Phoenix","Ivana Novak",NULL,unknown,closed,2007-09-03,3,9,2007,3,Monday,95835.00,3993.13,9,95835.00,NULL,NULL,NULL
10367000,"Project Quantum","Ivana Knežević",NULL,unknown,closed,2007-09-04,4,9,2007,3,Tuesday,95809.75,3992.07,33,95809.75,NULL,NULL,NULL
10368000,"Project Quantum","Ivana Knežević",NULL,unknown,closed,2007-09-04,4,9,2007,3,Tuesday,95804.84,3991.87,8,95804.84,NULL,NULL,NULL
10369000,"Project Quantum","Ivana Knežević",NULL,unknown,closed,2007-09-04,4,9,2007,3,Tuesday,95801.36,3991.72,8,95801.36,NULL,NULL,NULL
10373000,"Project Horizon","Katarina Kovačić",NULL,unknown,closed,2007-09-06,6,9,2007,3,Thursday,95759.18,3989.97,22,95759.18,NULL,NULL,NULL
10374000,"Project Vega","Petar Knežević",NULL,unknown,closed,2007-09-06,6,9,2007,3,Thursday,95758.91,3989.95,6,95758.91,NULL,NULL,NULL
10375000,"Project Phoenix","Petar Marić",NULL,unknown,closed,2007-09-06,6,9,2007,3,Thursday,95758.39,3989.93,5,95758.39,NULL,NULL,NULL
10376000,"Project Phoenix","Petra Pavlović",NULL,unknown,closed,2007-09-09,9,9,2007,3,Sunday,95695.32,3987.31,7,95695.32,NULL,NULL,NULL
10377000,"Project Nova","Ana Marić",NULL,unknown,closed,2007-09-09,9,9,2007,3,Sunday,95694.28,3987.26,10,95694.28,NULL,NULL,NULL
10378000,"Project Vega","Petar Knežević",NULL,unknown,closed,2007-09-09,9,9,2007,3,Sunday,95690.23,3987.09,36,95690.23,NULL,NULL,NULL
10380000,"Project Orion","Marko Novak",NULL,unknown,closed,2007-09-10,10,9,2007,3,Monday,95668.87,3986.20,8,95668.87,NULL,NULL,NULL
10381000,"Project Eclipse","Katarina Kovačić",NULL,unknown,closed,2007-09-10,10,9,2007,3,Monday,95668.78,3986.20,17,95668.78,NULL,NULL,NULL
10382000,"Project Eclipse","Katarina Kovačić",NULL,unknown,closed,2007-09-10,10,9,2007,3,Monday,95667.79,3986.16,20,95667.79,NULL,NULL,NULL
10383000,"Project Vega","Petar Knežević",NULL,unknown,closed,2007-09-10,10,9,2007,3,Monday,95665.82,3986.08,6,95665.82,NULL,NULL,NULL
10384000,"Project Solaris","Josip Horvat",NULL,unknown,closed,2007-09-10,10,9,2007,3,Monday,95662.50,3985.94,15,95662.50,NULL,NULL,NULL
10385000,"Project Eclipse","Katarina Kovačić",NULL,unknown,closed,2007-09-11,11,9,2007,3,Tuesday,95639.60,3984.98,10,95639.60,NULL,NULL,NULL
10386000,"Project Quantum","Ivana Knežević",NULL,unknown,closed,2007-09-12,12,9,2007,3,Wednesday,95616.04,3984.00,22,95616.04,NULL,NULL,NULL
10387000,"Project Phoenix","Josip Božić",NULL,unknown,closed,2007-09-12,12,9,2007,3,Wednesday,95615.62,3983.98,3,95615.62,NULL,NULL,NULL
10388000,"Project Orion","Marko Novak",NULL,unknown,closed,2007-09-16,16,9,2007,3,Sunday,95526.88,3980.29,6,95526.88,NULL,NULL,NULL
10389000,"Project Phoenix","Petar Marić",NULL,unknown,closed,2007-09-18,18,9,2007,3,Tuesday,95478.24,3978.26,2,95478.24,NULL,NULL,NULL
10390000,"Project Solaris","Josip Horvat",NULL,unknown,closed,2007-09-18,18,9,2007,3,Tuesday,95476.69,3978.20,9,95476.69,NULL,NULL,NULL
10392000,"Project Vega","Petra Novak",NULL,unknown,closed,2007-09-23,23,9,2007,3,Sunday,95358.90,3973.29,6,95358.90,NULL,NULL,NULL
10393000,"Project Vega","Petar Knežević",NULL,unknown,closed,2007-09-23,23,9,2007,3,Sunday,95354.92,3973.12,20,95354.92,NULL,NULL,NULL
10394000,"Project Vega","Petra Novak",NULL,unknown,closed,2007-09-24,24,9,2007,3,Monday,95334.57,3972.27,6,95334.57,NULL,NULL,NULL
10395000,"Project Vega","Petra Novak",NULL,unknown,closed,2007-09-24,24,9,2007,3,Monday,95330.15,3972.09,20,95330.15,NULL,NULL,NULL
10396000,"Project Nova","Ana Marić",NULL,unknown,closed,2007-09-24,24,9,2007,3,Monday,95331.56,3972.15,16,95331.56,NULL,NULL,NULL
10397000,"Project Solaris","Josip Horvat",NULL,unknown,closed,2007-09-25,25,9,2007,3,Tuesday,95308.38,3971.18,7,95308.38,NULL,NULL,NULL
10398000,"Project Vega","Petra Novak",NULL,unknown,closed,2007-09-26,26,9,2007,3,Wednesday,95284.74,3970.20,7,95284.74,NULL,NULL,NULL
10399000,"Project Vega","Petra Novak",NULL,unknown,closed,2007-09-26,26,9,2007,3,Wednesday,95282.64,3970.11,11,95282.64,NULL,NULL,NULL
10402000,"Project Eclipse","Katarina Kovačić",NULL,unknown,closed,2007-09-30,30,9,2007,3,Sunday,95189.24,3966.22,6,95189.24,NULL,NULL,NULL
10403000,"Project Solaris","Josip Horvat",NULL,unknown,closed,2007-10-02,2,10,2007,4,Tuesday,95140.63,3964.19,9,95140.63,NULL,NULL,NULL
10404000,"Project Eclipse","Katarina Kovačić",NULL,unknown,closed,2007-10-02,2,10,2007,4,Tuesday,95138.29,3964.10,5,95138.29,NULL,NULL,NULL
10405000,"Project Vega","Petra Novak",NULL,unknown,closed,2007-10-03,3,10,2007,4,Wednesday,95115.20,3963.13,10,95115.20,NULL,NULL,NULL
10406000,"Project Orion","Marko Novak",NULL,unknown,closed,2007-10-03,3,10,2007,4,Wednesday,95117.16,3963.22,6,95117.16,NULL,NULL,NULL
10407000,"Project Phoenix","Petra Pavlović",NULL,unknown,closed,2007-10-03,3,10,2007,4,Wednesday,95116.81,3963.20,7,95116.81,NULL,NULL,NULL
10408000,"Project Phoenix","Ivana Novak",NULL,unknown,closed,2007-10-04,4,10,2007,4,Thursday,95090.81,3962.12,16,95090.81,NULL,NULL,NULL
10409000,"Project Eclipse","Katarina Kovačić",NULL,unknown,closed,2007-10-04,4,10,2007,4,Thursday,95088.78,3962.03,20,95088.78,NULL,NULL,NULL
10410000,"Project Eclipse","Katarina Kovačić",NULL,unknown,closed,2007-10-04,4,10,2007,4,Thursday,95088.78,3962.03,3,95088.78,NULL,NULL,NULL
10411000,"Project Vega","Petar Knežević",NULL,unknown,closed,2007-10-07,7,10,2007,4,Sunday,95022.86,3959.29,5,95022.86,NULL,NULL,NULL
10412000,"Project Solaris","Josip Horvat",NULL,unknown,closed,2007-10-10,10,10,2007,4,Wednesday,94949.44,3956.23,5,94949.44,NULL,NULL,NULL
10413000,"Project Vega","Petar Knežević",NULL,unknown,closed,2007-10-16,16,10,2007,4,Tuesday,94805.57,3950.23,7,94805.57,NULL,NULL,NULL
10414000,"Project Vega","Petar Knežević",NULL,unknown,closed,2007-10-16,16,10,2007,4,Tuesday,94805.53,3950.23,6,94805.53,NULL,NULL,NULL
10415000,"Project Phoenix","Petra Pavlović",NULL,unknown,closed,2007-10-16,16,10,2007,4,Tuesday,94804.18,3950.17,6,94804.18,NULL,NULL,NULL
10416000,"Project Vega","Katarina Vuković",NULL,unknown,closed,2007-10-16,16,10,2007,4,Tuesday,94803.89,3950.16,9,94803.89,NULL,NULL,NULL
10417000,"Project Quantum","Ivana Knežević",NULL,unknown,closed,2007-10-16,16,10,2007,4,Tuesday,94799.80,3949.99,7,94799.80,NULL,NULL,NULL
10418000,"Project Solaris","Josip Horvat",NULL,unknown,closed,2007-10-16,16,10,2007,4,Tuesday,94802.24,3950.09,6,94802.24,NULL,NULL,NULL
10420000,"Project Solaris","Josip Horvat",NULL,unknown,closed,2007-10-16,16,10,2007,4,Tuesday,94802.12,3950.09,5,94802.12,NULL,NULL,NULL
10422000,"Project Horizon","Katarina Kovačić",NULL,unknown,closed,2007-10-18,18,10,2007,4,Thursday,94759.83,3948.33,8,94759.83,NULL,NULL,NULL
10423000,"Project Solaris","Josip Horvat",NULL,unknown,closed,2007-10-18,18,10,2007,4,Thursday,94751.58,3947.98,16,94751.58,NULL,NULL,NULL
10424000,"Project Solaris","Josip Horvat",NULL,unknown,closed,2007-10-18,18,10,2007,4,Thursday,94753.65,3948.07,29,94753.65,NULL,NULL,NULL
10425000,"Project Vega","Petar Knežević",NULL,unknown,closed,2007-10-21,21,10,2007,4,Sunday,94686.64,3945.28,11,94686.64,NULL,NULL,NULL
10426000,"Project Quantum","Ivana Knežević",NULL,unknown,closed,2007-10-21,21,10,2007,4,Sunday,94682.37,3945.10,5,94682.37,NULL,NULL,NULL
10427000,"Project Quantum","Ivana Knežević",NULL,unknown,closed,2007-10-21,21,10,2007,4,Sunday,94681.96,3945.08,10,94681.96,NULL,NULL,NULL
10428000,"Project Nova","Ana Marić",NULL,unknown,closed,2007-10-21,21,10,2007,4,Sunday,94678.88,3944.95,11,94678.88,NULL,NULL,NULL
10429000,"Project Atlas","Katarina Kovačić",NULL,unknown,closed,2007-10-23,23,10,2007,4,Tuesday,94637.17,3943.22,11,94637.17,NULL,NULL,NULL
10430000,"Project Vega","Petar Knežević",NULL,unknown,closed,2007-10-23,23,10,2007,4,Tuesday,94634.26,3943.09,16,94634.26,NULL,NULL,NULL
10431000,"Project Orion","Marko Novak",NULL,unknown,closed,2007-10-24,24,10,2007,4,Wednesday,94613.64,3942.24,10,94613.64,NULL,NULL,NULL
10432000,"Project Nova","Ana Božić",NULL,unknown,closed,2007-10-24,24,10,2007,4,Wednesday,94606.97,3941.96,15,94606.97,NULL,NULL,NULL
10434000,"Project Phoenix","Petra Pavlović",NULL,unknown,closed,2007-10-24,24,10,2007,4,Wednesday,94606.40,3941.93,3,94606.40,NULL,NULL,NULL
10436000,"Project Solaris","Josip Horvat",NULL,unknown,closed,2007-10-25,25,10,2007,4,Thursday,94590.36,3941.27,9,94590.36,NULL,NULL,NULL
10437000,"Project Nova","Ana Božić",NULL,unknown,closed,2007-10-25,25,10,2007,4,Thursday,94590.09,3941.25,9,94590.09,NULL,NULL,NULL
10438000,"Project Vega","Petar Knežević",NULL,unknown,closed,2007-10-25,25,10,2007,4,Thursday,94586.96,3941.12,8,94586.96,NULL,NULL,NULL
10441000,"Project Zenith","Ivana Horvat",NULL,unknown,closed,2007-10-28,28,10,2007,4,Sunday,94514.92,3938.12,5,94514.92,NULL,NULL,NULL
10442000,"Project Nova","Ana Marić",NULL,unknown,closed,2007-10-29,29,10,2007,4,Monday,94487.77,3936.99,7,94487.77,NULL,NULL,NULL
10443000,"Project Nova","Ana Marić",NULL,unknown,closed,2007-10-29,29,10,2007,4,Monday,94487.17,3936.97,52,94487.17,NULL,NULL,NULL
10445000,"Project Quantum","Ivana Knežević",NULL,unknown,closed,2007-10-30,30,10,2007,4,Tuesday,94460.20,3935.84,8,94460.20,NULL,NULL,NULL
10446000,"Project Eclipse","Katarina Kovačić",NULL,unknown,closed,2007-10-31,31,10,2007,4,Wednesday,94443.50,3935.15,13,94443.50,NULL,NULL,NULL
10448000,"Project Vega","Petra Novak",NULL,unknown,closed,2007-10-31,31,10,2007,4,Wednesday,94442.31,3935.10,33,94442.31,NULL,NULL,NULL
10449000,"Project Nova","Ana Božić",NULL,unknown,closed,2007-10-31,31,10,2007,4,Wednesday,94438.76,3934.95,9,94438.76,NULL,NULL,NULL
10450000,"Project Atlas","Katarina Kovačić",NULL,unknown,closed,2007-11-01,1,11,2007,4,Thursday,94419.76,3934.16,15,94419.76,NULL,NULL,NULL
10453000,"Project Nova","Ana Božić",NULL,unknown,closed,2007-11-01,1,11,2007,4,Thursday,94415.17,3933.97,4,94415.17,NULL,NULL,NULL
10456000,"Project Solaris","Josip Horvat",NULL,unknown,closed,2007-11-03,3,11,2007,4,Saturday,94370.08,3932.09,10,94370.08,NULL,NULL,NULL
10457000,"Project Apollo","Katarina Božić",NULL,unknown,closed,2007-11-04,4,11,2007,4,Sunday,94348.08,3931.17,7,94348.08,NULL,NULL,NULL
10458000,"Project Nova","Ana Marić",NULL,unknown,closed,2007-11-04,4,11,2007,4,Sunday,94347.28,3931.14,9,94347.28,NULL,NULL,NULL
10459000,"Project Vega","Petar Knežević",NULL,unknown,closed,2007-11-04,4,11,2007,4,Sunday,94347.12,3931.13,7,94347.12,NULL,NULL,NULL
10461000,"Project Apollo","Katarina Božić",NULL,unknown,closed,2007-11-04,4,11,2007,4,Sunday,94339.92,3930.83,8,94339.92,NULL,NULL,NULL
10462000,"Project Orion","Marko Novak",NULL,unknown,closed,2007-11-04,4,11,2007,4,Sunday,94343.03,3930.96,6,94343.03,NULL,NULL,NULL
10465000,"Project Quantum","Ivana Knežević",NULL,unknown,closed,2007-11-05,5,11,2007,4,Monday,94319.48,3929.98,7,94319.48,NULL,NULL,NULL
10466000,"Project Eclipse","Katarina Kovačić",NULL,unknown,closed,2007-11-05,5,11,2007,4,Monday,94323.19,3930.13,7,94323.19,NULL,NULL,NULL
10468000,"Project Atlas","Katarina Kovačić",NULL,unknown,closed,2007-11-05,5,11,2007,4,Monday,94319.34,3929.97,7,94319.34,NULL,NULL,NULL
10475000,"Project Apollo","Katarina Božić",NULL,unknown,closed,2007-11-07,7,11,2007,4,Wednesday,94275.11,3928.13,6,94275.11,NULL,NULL,NULL
10476000,"Project Phoenix","Petra Pavlović",NULL,unknown,closed,2007-11-07,7,11,2007,4,Wednesday,94272.35,3928.01,6,94272.35,NULL,NULL,NULL
10477000,"Project Phoenix","Josip Božić",NULL,unknown,closed,2007-11-08,8,11,2007,4,Thursday,94250.15,3927.09,9,94250.15,NULL,NULL,NULL
10478000,"Project Horizon","Katarina Kovačić",NULL,unknown,closed,2007-11-08,8,11,2007,4,Thursday,94252.45,3927.19,9,94252.45,NULL,NULL,NULL
10479000,"Project Vega","Petra Novak",NULL,unknown,closed,2007-11-08,8,11,2007,4,Thursday,94250.36,3927.10,5,94250.36,NULL,NULL,NULL
10481000,"Project Phoenix","Petra Pavlović",NULL,unknown,closed,2007-11-08,8,11,2007,4,Thursday,94246.16,3926.92,4,94246.16,NULL,NULL,NULL
10483000,"Project Atlas","Katarina Kovačić",NULL,unknown,closed,2007-11-11,11,11,2007,4,Sunday,94180.97,3924.21,15,94180.97,NULL,NULL,NULL
10484000,"Project Quantum","Marko Knežević",NULL,unknown,closed,2007-11-11,11,11,2007,4,Sunday,94181.19,3924.22,5,94181.19,NULL,NULL,NULL
10485000,"Project Vega","Petar Knežević",NULL,unknown,closed,2007-11-11,11,11,2007,4,Sunday,94174.51,3923.94,8,94174.51,NULL,NULL,NULL
10486000,"Project Orion","Marko Novak",NULL,unknown,closed,2007-11-11,11,11,2007,4,Sunday,94173.53,3923.90,12,94173.53,NULL,NULL,NULL
10487000,"Project Orion","Marko Novak",NULL,unknown,closed,2007-11-12,12,11,2007,4,Monday,94157.76,3923.24,7,94157.76,NULL,NULL,NULL
10488000,"Project Vega","Petar Knežević",NULL,unknown,closed,2007-11-12,12,11,2007,4,Monday,94157.58,3923.23,5,94157.58,NULL,NULL,NULL
10489000,"Project Quantum","Ivan Horvat",NULL,unknown,closed,2007-11-12,12,11,2007,4,Monday,94154.07,3923.09,10,94154.07,NULL,NULL,NULL
10490000,"Project Vega","Petar Knežević",NULL,unknown,closed,2007-11-12,12,11,2007,4,Monday,94154.26,3923.09,9,94154.26,NULL,NULL,NULL
10491000,"Project Quantum","Ivana Knežević",NULL,unknown,closed,2007-11-12,12,11,2007,4,Monday,94148.00,3922.83,11,94148.00,NULL,NULL,NULL
10492000,"Project Phoenix","Ivana Novak",NULL,unknown,closed,2007-11-14,14,11,2007,4,Wednesday,94109.76,3921.24,5,94109.76,NULL,NULL,NULL
10494000,"Project Vega","Petar Knežević",NULL,unknown,closed,2007-11-14,14,11,2007,4,Wednesday,94103.77,3920.99,12,94103.77,NULL,NULL,NULL
10495000,"Project Vega","Katarina Vuković",NULL,unknown,closed,2007-11-15,15,11,2007,4,Thursday,94084.94,3920.21,6,94084.94,NULL,NULL,NULL
10496000,"Project Horizon","Katarina Kovačić",NULL,unknown,closed,2007-11-15,15,11,2007,4,Thursday,94084.75,3920.20,5,94084.75,NULL,NULL,NULL
10497000,"Project Nova","Ana Božić",NULL,unknown,closed,2007-11-15,15,11,2007,4,Thursday,94083.43,3920.14,27,94083.43,NULL,NULL,NULL
10498000,"Project Horizon","Katarina Kovačić",NULL,unknown,closed,2007-11-15,15,11,2007,4,Thursday,94082.48,3920.10,3,94082.48,NULL,NULL,NULL
10499000,"Project Solaris","Josip Horvat",NULL,unknown,closed,2007-11-18,18,11,2007,4,Sunday,94013.73,3917.24,7,94013.73,NULL,NULL,NULL
10500000,"Project Solaris","Josip Horvat",NULL,unknown,closed,2007-11-18,18,11,2007,4,Sunday,94013.10,3917.21,9,94013.10,NULL,NULL,NULL
10502000,"Project Quantum","Ivana Knežević",NULL,unknown,closed,2007-11-19,19,11,2007,4,Monday,93985.39,3916.06,8,93985.39,NULL,NULL,NULL
10505000,"Project Horizon","Katarina Kovačić",NULL,unknown,closed,2007-11-19,19,11,2007,4,Monday,93981.01,3915.88,5,93981.01,NULL,NULL,NULL
10506000,"Project Vega","Katarina Vuković",NULL,unknown,closed,2007-11-21,21,11,2007,4,Wednesday,93938.18,3914.09,14,93938.18,NULL,NULL,NULL
10508000,"Project Solaris","Josip Horvat",NULL,unknown,closed,2007-11-22,22,11,2007,4,Thursday,93917.78,3913.24,5,93917.78,NULL,NULL,NULL
10509000,"Project Eclipse","Katarina Kovačić",NULL,unknown,closed,2007-11-22,22,11,2007,4,Thursday,93912.05,3913.00,17,93912.05,NULL,NULL,NULL
10510000,"Project Phoenix","Petra Pavlović",NULL,unknown,closed,2007-11-25,25,11,2007,4,Sunday,93838.68,3909.95,6,93838.68,NULL,NULL,NULL
10511000,"Project Solaris","Josip Horvat",NULL,unknown,closed,2007-11-27,27,11,2007,4,Tuesday,93797.23,3908.22,5,93797.23,NULL,NULL,NULL
10512000,"Project Nova","Ana Marić",NULL,unknown,closed,2007-11-27,27,11,2007,4,Tuesday,93796.65,3908.19,5,93796.65,NULL,NULL,NULL
10513000,"Project Nova","Ana Marić",NULL,unknown,closed,2007-11-27,27,11,2007,4,Tuesday,93796.28,3908.18,3,93796.28,NULL,NULL,NULL
10514000,"Project Vega","Petar Knežević",NULL,unknown,closed,2007-11-27,27,11,2007,4,Tuesday,93792.71,3908.03,7,93792.71,NULL,NULL,NULL
10515000,"Project Vega","Petar Knežević",NULL,unknown,closed,2007-11-27,27,11,2007,4,Tuesday,93790.90,3907.95,6,93790.90,NULL,NULL,NULL
10516000,"Project Phoenix","Josip Božić",NULL,unknown,closed,2007-11-29,29,11,2007,4,Thursday,93746.12,3906.09,6,93746.12,NULL,NULL,NULL
10518000,"Project Phoenix","Josip Božić",NULL,unknown,closed,2007-11-29,29,11,2007,4,Thursday,93745.43,3906.06,6,93745.43,NULL,NULL,NULL
10519000,"Project Phoenix","Josip Božić",NULL,unknown,closed,2007-11-29,29,11,2007,4,Thursday,93742.37,3905.93,10,93742.37,NULL,NULL,NULL
10520000,"Project Solaris","Josip Horvat",NULL,unknown,closed,2007-11-29,29,11,2007,4,Thursday,93744.65,3906.03,8,93744.65,NULL,NULL,NULL
10524000,"Project Quantum","Ivana Knežević",NULL,unknown,closed,2007-12-02,2,12,2007,4,Sunday,93670.86,3902.95,16,93670.86,NULL,NULL,NULL
10525000,"Project Vega","Katarina Vuković",NULL,unknown,closed,2007-12-02,2,12,2007,4,Sunday,93673.39,3903.06,9,93673.39,NULL,NULL,NULL
10526000,"Project Quantum","Ivana Knežević",NULL,unknown,closed,2007-12-02,2,12,2007,4,Sunday,93667.26,3902.80,6,93667.26,NULL,NULL,NULL
10527000,"Project Nova","Ana Božić",NULL,unknown,closed,2007-12-03,3,12,2007,4,Monday,93654.10,3902.25,9,93654.10,NULL,NULL,NULL
10531000,"Project Orion","Marko Novak",NULL,unknown,closed,2007-12-03,3,12,2007,4,Monday,93649.21,3902.05,34,93649.21,NULL,NULL,NULL
10533000,"Project Vega","Katarina Vuković",NULL,unknown,closed,2007-12-03,3,12,2007,4,Monday,93647.96,3902.00,15,93647.96,NULL,NULL,NULL
10534000,"Project Atlas","Katarina Kovačić",NULL,unknown,closed,2007-12-04,4,12,2007,4,Tuesday,93629.31,3901.22,8,93629.31,NULL,NULL,NULL
10535000,"Project Nexus","Petar Babić",NULL,unknown,closed,2007-12-04,4,12,2007,4,Tuesday,93628.35,3901.18,7,93628.35,NULL,NULL,NULL
10536000,"Project Phoenix","Petra Pavlović",NULL,unknown,closed,2007-12-04,4,12,2007,4,Tuesday,93628.04,3901.17,19,93628.04,NULL,NULL,NULL
10537000,"Project Vega","Marko Kovačić",NULL,unknown,closed,2007-12-04,4,12,2007,4,Tuesday,93619.96,3900.83,7,93619.96,NULL,NULL,NULL
10538000,"Project Eclipse","Katarina Kovačić",NULL,unknown,closed,2007-12-05,5,12,2007,4,Wednesday,93600.80,3900.03,29,93600.80,NULL,NULL,NULL
10539000,"Project Eclipse","Katarina Kovačić",NULL,unknown,closed,2007-12-05,5,12,2007,4,Wednesday,93600.81,3900.03,4,93600.81,NULL,NULL,NULL
10541000,"Project Phoenix","Ivana Novak",NULL,unknown,closed,2007-12-08,8,12,2007,4,Saturday,93527.97,3897.00,11,93527.97,NULL,NULL,NULL
10542000,"Project Horizon","Katarina Kovačić",NULL,unknown,closed,2007-12-09,9,12,2007,4,Sunday,93509.91,3896.25,9,93509.91,NULL,NULL,NULL
10543000,"Project Solaris","Josip Horvat",NULL,unknown,closed,2007-12-09,9,12,2007,4,Sunday,93509.47,3896.23,8,93509.47,NULL,NULL,NULL
10544000,"Project Orion","Marko Novak",NULL,unknown,closed,2007-12-09,9,12,2007,4,Sunday,93509.68,3896.24,10,93509.68,NULL,NULL,NULL
10545000,"Project Phoenix","Petra Pavlović",NULL,unknown,closed,2007-12-09,9,12,2007,4,Sunday,93509.24,3896.22,13,93509.24,NULL,NULL,NULL
10546000,"Project Apollo","Petar Božić",NULL,unknown,closed,2007-12-09,9,12,2007,4,Sunday,93504.43,3896.02,14,93504.43,NULL,NULL,NULL
10548000,"Project Zenith","Ivana Horvat",NULL,unknown,closed,2007-12-11,11,12,2007,4,Tuesday,93462.20,3894.26,11,93462.20,NULL,NULL,NULL
10549000,"Project Eclipse","Katarina Kovačić",NULL,unknown,closed,2007-12-11,11,12,2007,4,Tuesday,93461.02,3894.21,39,93461.02,NULL,NULL,NULL
10551000,"Project Quantum","Ivana Knežević",NULL,unknown,closed,2007-12-11,11,12,2007,4,Tuesday,93455.95,3894.00,9,93455.95,NULL,NULL,NULL
10552000,"Project Quantum","Ivan Horvat",NULL,unknown,closed,2007-12-11,11,12,2007,4,Tuesday,93455.35,3893.97,10,93455.35,NULL,NULL,NULL
10554000,"Project Eclipse","Katarina Kovačić",NULL,unknown,closed,2007-12-11,11,12,2007,4,Tuesday,93457.22,3894.05,26,93457.22,NULL,NULL,NULL
10555000,"Project Nexus","Petar Babić",NULL,unknown,closed,2007-12-12,12,12,2007,4,Wednesday,93427.51,3892.81,13,93427.51,NULL,NULL,NULL
10556000,"Project Apollo","Petar Božić",NULL,unknown,closed,2007-12-13,13,12,2007,4,Thursday,93407.46,3891.98,9,93407.46,NULL,NULL,NULL
10557000,"Project Phoenix","Josip Božić",NULL,unknown,closed,2007-12-15,15,12,2007,4,Saturday,93354.80,3889.78,8,93354.80,NULL,NULL,NULL
10558000,"Project Phoenix","Ivana Novak",NULL,unknown,closed,2007-12-16,16,12,2007,4,Sunday,93341.18,3889.22,7,93341.18,NULL,NULL,NULL
10559000,"Project Apollo","Petar Božić",NULL,unknown,closed,2007-12-16,16,12,2007,4,Sunday,93337.27,3889.05,32,93337.27,NULL,NULL,NULL
10561000,"Project Nova","Ana Marić",NULL,unknown,closed,2007-12-16,16,12,2007,4,Sunday,93336.89,3889.04,14,93336.89,NULL,NULL,NULL
10563000,"Project Apollo","Petar Božić",NULL,unknown,closed,2007-12-17,17,12,2007,4,Monday,93317.49,3888.23,12,93317.49,NULL,NULL,NULL
10565000,"Project Quantum","Ivana Knežević",NULL,unknown,closed,2007-12-17,17,12,2007,4,Monday,93310.50,3887.94,12,93310.50,NULL,NULL,NULL
10567000,"Project Phoenix","Petra Pavlović",NULL,unknown,closed,2007-12-23,23,12,2007,4,Sunday,93174.58,3882.27,14,93174.58,NULL,NULL,NULL
10569000,"Project Phoenix","Petra Pavlović",NULL,unknown,closed,2007-12-24,24,12,2007,4,Monday,93143.94,3881.00,6,93143.94,NULL,NULL,NULL
10570000,"Project Eclipse","Katarina Kovačić",NULL,unknown,closed,2007-12-24,24,12,2007,4,Monday,93147.11,3881.13,8,93147.11,NULL,NULL,NULL
10572000,"Project Phoenix","Ivana Novak",NULL,unknown,closed,2007-12-24,24,12,2007,4,Monday,93144.85,3881.04,19,93144.85,NULL,NULL,NULL
10573000,"Project Orion","Marko Novak",NULL,unknown,closed,2007-12-26,26,12,2007,4,Wednesday,93102.76,3879.28,4,93102.76,NULL,NULL,NULL
10574000,"Project Zenith","Katarina Marić",NULL,unknown,closed,2007-12-26,26,12,2007,4,Wednesday,93101.67,3879.24,9,93101.67,NULL,NULL,NULL
10575000,"Project Nova","Ana Marić",NULL,unknown,closed,2007-12-26,26,12,2007,4,Wednesday,93100.95,3879.21,24,93100.95,NULL,NULL,NULL
10576000,"Project Vega","Petar Knežević",NULL,unknown,closed,2007-12-26,26,12,2007,4,Wednesday,93095.23,3878.97,9,93095.23,NULL,NULL,NULL
10577000,"Project Apollo","Petar Božić",NULL,unknown,closed,2007-12-26,26,12,2007,4,Wednesday,93097.54,3879.06,17,93097.54,NULL,NULL,NULL
10578000,"Project Phoenix","Josip Božić",NULL,unknown,closed,2007-12-27,27,12,2007,4,Thursday,93068.74,3877.86,8,93068.74,NULL,NULL,NULL
10579000,"Project Horizon","Katarina Kovačić",NULL,unknown,closed,2007-12-30,30,12,2007,4,Sunday,93006.32,3875.26,10,93006.32,NULL,NULL,NULL
10580000,"Project Phoenix","Petra Pavlović",NULL,unknown,closed,2007-12-30,30,12,2007,4,Sunday,93005.65,3875.24,9,93005.65,NULL,NULL,NULL
10581000,"Project Atlas","Katarina Kovačić",NULL,unknown,closed,2007-12-30,30,12,2007,4,Sunday,93002.06,3875.09,9,93002.06,NULL,NULL,NULL
10582000,"Project Quantum","Ivana Knežević",NULL,unknown,closed,2007-12-30,30,12,2007,4,Sunday,92992.88,3874.70,4,92992.88,NULL,NULL,NULL
10583000,"Project Phoenix","Petra Pavlović",NULL,unknown,closed,2007-12-31,31,12,2007,4,Monday,92980.08,3874.17,44,92980.08,NULL,NULL,NULL
10584000,"Project Nova","Ana Marić",NULL,unknown,closed,2007-12-31,31,12,2007,4,Monday,92974.78,3873.95,8,92974.78,NULL,NULL,NULL
10586000,"Project Vega","Marko Kovačić",NULL,unknown,closed,2008-01-02,2,1,2008,1,Wednesday,92935.39,3872.31,16,92935.39,NULL,NULL,NULL
10587000,"Project Nexus","Petar Babić",NULL,unknown,closed,2008-01-02,2,1,2008,1,Wednesday,92934.45,3872.27,8,92934.45,NULL,NULL,NULL
10588000,"Project Eclipse","Katarina Kovačić",NULL,unknown,closed,2008-01-02,2,1,2008,1,Wednesday,92927.95,3872.00,10,92927.95,NULL,NULL,NULL
10590000,"Project Horizon","Katarina Kovačić",NULL,unknown,closed,2008-01-03,3,1,2008,1,Thursday,92910.79,3871.28,8,92910.79,NULL,NULL,NULL
10592000,"Project Nova","Ana Božić",NULL,unknown,closed,2008-01-06,6,1,2008,1,Sunday,92836.78,3868.20,29,92836.78,NULL,NULL,NULL
10593000,"Project Eclipse","Katarina Kovačić",NULL,unknown,closed,2008-01-06,6,1,2008,1,Sunday,92833.10,3868.05,10,92833.10,NULL,NULL,NULL
10595000,"Project Phoenix","Ivana Novak",NULL,unknown,closed,2008-01-06,6,1,2008,1,Sunday,92829.63,3867.90,7,92829.63,NULL,NULL,NULL
10596000,"Project Vega","Petar Knežević",NULL,unknown,closed,2008-01-07,7,1,2008,1,Monday,92812.01,3867.17,10,92812.01,NULL,NULL,NULL
10598000,"Project Eclipse","Katarina Kovačić",NULL,unknown,closed,2008-01-08,8,1,2008,1,Tuesday,92786.75,3866.11,6,92786.75,NULL,NULL,NULL
10600000,"Project Phoenix","Petra Pavlović",NULL,unknown,closed,2008-01-08,8,1,2008,1,Tuesday,92782.16,3865.92,7,92782.16,NULL,NULL,NULL
10603000,"Project Solaris","Josip Horvat",NULL,unknown,closed,2008-01-09,9,1,2008,1,Wednesday,92759.66,3864.99,25,92759.66,NULL,NULL,NULL
10604000,"Project Solaris","Josip Horvat",NULL,unknown,closed,2008-01-13,13,1,2008,1,Sunday,92666.22,3861.09,13,92666.22,NULL,NULL,NULL
10605000,"Project Solaris","Josip Horvat",NULL,unknown,closed,2008-01-13,13,1,2008,1,Sunday,92666.20,3861.09,17,92666.20,NULL,NULL,NULL
10606000,"Project Phoenix","Petra Pavlović",NULL,unknown,closed,2008-01-13,13,1,2008,1,Sunday,92665.12,3861.05,8,92665.12,NULL,NULL,NULL
10607000,"Project Quantum","Ivana Knežević",NULL,unknown,closed,2008-01-13,13,1,2008,1,Sunday,92664.48,3861.02,16,92664.48,NULL,NULL,NULL
10608000,"Project Quantum","Ivana Knežević",NULL,unknown,closed,2008-01-13,13,1,2008,1,Sunday,92664.14,3861.01,3,92664.14,NULL,NULL,NULL
10609000,"Project Eclipse","Katarina Kovačić",NULL,unknown,closed,2008-01-13,13,1,2008,1,Sunday,92667.47,3861.14,13,92667.47,NULL,NULL,NULL
10611000,"Project Phoenix","Petra Pavlović",NULL,unknown,closed,2008-01-15,15,1,2008,1,Tuesday,92621.41,3859.23,11,92621.41,NULL,NULL,NULL
10612000,"Project Vega","Katarina Vuković",NULL,unknown,closed,2008-01-15,15,1,2008,1,Tuesday,92616.41,3859.02,8,92616.41,NULL,NULL,NULL
10614000,"Project Atlas","Katarina Kovačić",NULL,unknown,closed,2008-01-16,16,1,2008,1,Wednesday,92596.76,3858.20,4,92596.76,NULL,NULL,NULL
10615000,"Project Vega","Petar Knežević",NULL,unknown,closed,2008-01-16,16,1,2008,1,Wednesday,92592.03,3858.00,13,92592.03,NULL,NULL,NULL
10616000,"Project Apollo","Katarina Božić",NULL,unknown,closed,2008-01-17,17,1,2008,1,Thursday,92573.85,3857.24,8,92573.85,NULL,NULL,NULL
10618000,"Project Phoenix","Petra Pavlović",NULL,unknown,closed,2008-01-20,20,1,2008,1,Sunday,91079.35,3794.97,11,91079.34,0.00,0.00,NULL
10619000,"Project Vega","Petra Novak",NULL,unknown,closed,2008-01-20,20,1,2008,1,Sunday,92501.49,3854.23,7,92501.49,NULL,NULL,NULL
10621000,"Project Phoenix","Ivana Novak",NULL,unknown,closed,2008-01-20,20,1,2008,1,Sunday,92499.43,3854.14,15,92499.43,NULL,NULL,NULL
10624000,"Project Nova","Ana Marić",NULL,unknown,closed,2008-01-23,23,1,2008,1,Wednesday,92423.93,3851.00,8,92423.93,NULL,NULL,NULL
10625000,"Project Phoenix","Josip Božić",NULL,unknown,closed,2008-01-23,23,1,2008,1,Wednesday,92419.40,3850.81,17,92419.40,NULL,NULL,NULL
10627000,"Project Solaris","Josip Horvat",NULL,unknown,closed,2008-01-27,27,1,2008,1,Sunday,92333.73,3847.24,3,92333.73,NULL,NULL,NULL
10628000,"Project Solaris","Josip Horvat",NULL,unknown,closed,2008-01-27,27,1,2008,1,Sunday,92333.57,3847.23,7,92333.57,NULL,NULL,NULL
10629000,"Project Solaris","Josip Horvat",NULL,unknown,closed,2008-01-27,27,1,2008,1,Sunday,92333.56,3847.23,7,92333.56,NULL,NULL,NULL
10630000,"Project Solaris","Josip Horvat",NULL,unknown,closed,2008-01-27,27,1,2008,1,Sunday,92333.55,3847.23,4,92333.55,NULL,NULL,NULL
10632000,"Project Solaris","Josip Horvat",NULL,unknown,closed,2008-01-27,27,1,2008,1,Sunday,92333.53,3847.23,7,92333.53,NULL,NULL,NULL
10633000,"Project Eclipse","Katarina Kovačić",NULL,unknown,closed,2008-01-27,27,1,2008,1,Sunday,92325.52,3846.90,6,92325.52,NULL,NULL,NULL
10635000,"Project Zenith","Ivana Horvat",NULL,unknown,closed,2008-01-28,28,1,2008,1,Monday,92309.01,3846.21,16,92309.01,NULL,NULL,NULL
10637000,"Project Eclipse","Katarina Kovačić",NULL,unknown,closed,2008-01-29,29,1,2008,1,Tuesday,92282.87,3845.12,40,92282.87,NULL,NULL,NULL
10638000,"Project Eclipse","Katarina Kovačić",NULL,unknown,closed,2008-01-29,29,1,2008,1,Tuesday,92279.07,3844.96,6,92279.07,NULL,NULL,NULL
10640000,"Project Phoenix","Petra Pavlović",NULL,unknown,closed,2008-02-02,2,2,2008,1,Saturday,92187.68,3841.15,8,92187.68,NULL,NULL,NULL
10642000,"Project Vega","Petra Novak",NULL,unknown,closed,2008-02-02,2,2,2008,1,Saturday,92186.09,3841.09,10,92186.09,NULL,NULL,NULL
10643000,"Project Orion","Marko Novak",NULL,unknown,closed,2008-02-02,2,2,2008,1,Saturday,92185.38,3841.06,10,92185.38,NULL,NULL,NULL
10644000,"Project Horizon","Katarina Kovačić",NULL,unknown,closed,2008-02-02,2,2,2008,1,Saturday,92183.37,3840.97,10,92183.37,NULL,NULL,NULL
10645000,"Project Phoenix","Josip Božić",NULL,unknown,closed,2008-02-03,3,2,2008,1,Sunday,92162.00,3840.08,33,92162.00,NULL,NULL,NULL
10646000,"Project Atlas","Katarina Kovačić",NULL,unknown,closed,2008-02-04,4,2,2008,1,Monday,92141.83,3839.24,9,92141.83,NULL,NULL,NULL
10647000,"Project Vega","Petra Novak",NULL,unknown,closed,2008-02-04,4,2,2008,1,Monday,92140.98,3839.21,5,92140.98,NULL,NULL,NULL
10648000,"Project Phoenix","Petra Pavlović",NULL,unknown,closed,2008-02-04,4,2,2008,1,Monday,92135.02,3838.96,7,92135.02,NULL,NULL,NULL
10649000,"Project Vega","Petra Novak",NULL,unknown,closed,2008-02-04,4,2,2008,1,Monday,92137.90,3839.08,10,92137.90,NULL,NULL,NULL
10650000,"Project Atlas","Katarina Kovačić",NULL,unknown,closed,2008-02-05,5,2,2008,1,Tuesday,92118.46,3838.27,18,92118.46,NULL,NULL,NULL
10652000,"Project Orion","Marko Novak",NULL,unknown,closed,2008-02-05,5,2,2008,1,Tuesday,92112.64,3838.03,10,92112.64,NULL,NULL,NULL
10655000,"Project Solaris","Josip Horvat",NULL,unknown,closed,2008-02-09,9,2,2008,1,Saturday,92013.20,3833.88,10,92013.20,NULL,NULL,NULL
10656000,"Project Orion","Marko Novak",NULL,unknown,closed,2008-02-10,10,2,2008,1,Sunday,91997.91,3833.25,8,91997.91,NULL,NULL,NULL
10657000,"Project Horizon","Katarina Kovačić",NULL,unknown,closed,2008-02-10,10,2,2008,1,Sunday,91997.59,3833.23,8,91997.59,NULL,NULL,NULL
10658000,"Project Apollo","Petar Božić",NULL,unknown,closed,2008-02-10,10,2,2008,1,Sunday,91996.34,3833.18,7,91996.34,NULL,NULL,NULL
10660000,"Project Vega","Petar Knežević",NULL,unknown,closed,2008-02-10,10,2,2008,1,Sunday,91990.16,3832.92,32,91990.16,NULL,NULL,NULL
10661000,"Project Nova","Ana Božić",NULL,unknown,closed,2008-02-11,11,2,2008,1,Monday,91967.24,3831.97,15,91967.24,NULL,NULL,NULL
10662000,"Project Nova","Ana Božić",NULL,unknown,closed,2008-02-12,12,2,2008,1,Tuesday,91950.43,3831.27,7,91950.43,NULL,NULL,NULL
10663000,"Project Atlas","Katarina Kovačić",NULL,unknown,closed,2008-02-12,12,2,2008,1,Tuesday,91949.43,3831.23,14,91949.43,NULL,NULL,NULL
10665000,"Project Eclipse","Katarina Kovačić",NULL,unknown,closed,2008-02-14,14,2,2008,1,Thursday,91894.19,3828.92,8,91894.19,NULL,NULL,NULL
10666000,"Project Eclipse","Katarina Kovačić",NULL,unknown,closed,2008-02-14,14,2,2008,1,Thursday,91894.18,3828.92,6,91894.18,NULL,NULL,NULL
10667000,"Project Nexus","Petar Babić",NULL,unknown,closed,2008-02-14,14,2,2008,1,Thursday,91897.14,3829.05,11,91897.14,NULL,NULL,NULL
10668000,"Project Phoenix","Ivana Novak",NULL,unknown,closed,2008-02-14,14,2,2008,1,Thursday,91095.85,3795.66,9,91095.84,0.00,0.00,NULL
10669000,"Project Solaris","Josip Horvat",NULL,unknown,closed,2008-02-16,16,2,2008,1,Saturday,91850.87,3827.12,8,91850.87,NULL,NULL,NULL
10670000,"Project Phoenix","Petra Pavlović",NULL,unknown,closed,2008-02-17,17,2,2008,1,Sunday,91830.77,3826.28,7,91830.77,NULL,NULL,NULL
10671000,"Project Eclipse","Katarina Kovačić",NULL,unknown,closed,2008-02-17,17,2,2008,1,Sunday,91830.62,3826.28,9,91830.62,NULL,NULL,NULL
10672000,"Project Solaris","Josip Horvat",NULL,unknown,closed,2008-02-17,17,2,2008,1,Sunday,91829.96,3826.25,10,91829.96,NULL,NULL,NULL
10676000,"Project Phoenix","Petra Pavlović",NULL,unknown,closed,2008-02-17,17,2,2008,1,Sunday,91821.69,3825.90,13,91821.69,NULL,NULL,NULL
10677000,"Project Quantum","Ivana Knežević",NULL,unknown,closed,2008-02-17,17,2,2008,1,Sunday,91821.24,3825.89,8,91821.24,NULL,NULL,NULL
10678000,"Project Phoenix","Petra Pavlović",NULL,unknown,closed,2008-02-18,18,2,2008,1,Monday,91801.52,3825.06,12,91801.52,NULL,NULL,NULL
10679000,"Project Atlas","Katarina Kovačić",NULL,unknown,closed,2008-02-18,18,2,2008,1,Monday,91799.97,3825.00,18,91799.97,NULL,NULL,NULL
10680000,"Project Quantum","Ivana Knežević",NULL,unknown,closed,2008-02-20,20,2,2008,1,Wednesday,91754.56,3823.11,9,91754.56,NULL,NULL,NULL
10681000,"Project Eclipse","Katarina Kovačić",NULL,unknown,closed,2008-02-20,20,2,2008,1,Wednesday,91754.48,3823.10,18,91754.48,NULL,NULL,NULL
10682000,"Project Solaris","Josip Horvat",NULL,unknown,closed,2008-02-21,21,2,2008,1,Thursday,91733.02,3822.21,11,91733.02,NULL,NULL,NULL
10685000,"Project Phoenix","Petra Pavlović",NULL,unknown,closed,2008-02-24,24,2,2008,1,Sunday,91658.19,3819.09,6,91658.19,NULL,NULL,NULL
10686000,"Project Atlas","Katarina Kovačić",NULL,unknown,closed,2008-02-24,24,2,2008,1,Sunday,91661.50,3819.23,7,91661.50,NULL,NULL,NULL
10687000,"Project Nexus","Petar Babić",NULL,unknown,closed,2008-02-24,24,2,2008,1,Sunday,91660.32,3819.18,9,91660.32,NULL,NULL,NULL
10688000,"Project Nexus","Petar Babić",NULL,unknown,closed,2008-02-24,24,2,2008,1,Sunday,91659.92,3819.16,3,91659.92,NULL,NULL,NULL
10690000,"Project Orion","Marko Novak",NULL,unknown,closed,2008-02-25,25,2,2008,1,Monday,91636.79,3818.20,13,91636.79,NULL,NULL,NULL
10691000,"Project Solaris","Josip Horvat",NULL,unknown,closed,2008-02-26,26,2,2008,1,Tuesday,91610.93,3817.12,42,91610.93,NULL,NULL,NULL
10692000,"Project Solaris","Josip Horvat",NULL,unknown,closed,2008-02-27,27,2,2008,1,Wednesday,91590.07,3816.25,10,91590.07,NULL,NULL,NULL
10693000,"Project Quantum","Ivana Knežević",NULL,unknown,closed,2008-02-27,27,2,2008,1,Wednesday,91584.64,3816.03,10,91584.64,NULL,NULL,NULL
10694000,"Project Vega","Marko Kovačić",NULL,unknown,closed,2008-02-27,27,2,2008,1,Wednesday,91588.27,3816.18,10,91588.27,NULL,NULL,NULL
10695000,"Project Eclipse","Katarina Kovačić",NULL,unknown,closed,2008-02-27,27,2,2008,1,Wednesday,91586.47,3816.10,9,91586.47,NULL,NULL,NULL
10698000,"Project Phoenix","Ivana Novak",NULL,unknown,closed,2008-02-28,28,2,2008,1,Thursday,91566.60,3815.28,8,91566.60,NULL,NULL,NULL
10699000,"Project Solaris","Josip Horvat",NULL,unknown,closed,2008-02-28,28,2,2008,1,Thursday,91561.99,3815.08,4,91561.99,NULL,NULL,NULL
10701000,"Project Nova","Ana Božić",NULL,unknown,closed,2008-02-28,28,2,2008,1,Thursday,91559.66,3814.99,3,91559.66,NULL,NULL,NULL
10702000,"Project Nova","Ana Božić",NULL,unknown,closed,2008-03-02,2,3,2008,1,Sunday,91492.50,3812.19,14,91492.50,NULL,NULL,NULL
10703000,"Project Solaris","Josip Horvat",NULL,unknown,closed,2008-03-02,2,3,2008,1,Sunday,91491.19,3812.13,4,91491.19,NULL,NULL,NULL
10704000,"Project Solaris","Josip Horvat",NULL,unknown,closed,2008-03-02,2,3,2008,1,Sunday,91491.16,3812.13,3,91491.16,NULL,NULL,NULL
10712000,"Project Solaris","Maja Knežević",NULL,unknown,closed,2008-03-03,3,3,2008,1,Monday,91593.98,3816.42,15,91593.98,NULL,NULL,NULL
10713000,"Project Solaris","Maja Knežević",NULL,unknown,closed,2008-03-03,3,3,2008,1,Monday,91592.26,3816.34,14,91592.26,NULL,NULL,NULL
10714000,"Project Horizon","Marko Božić",NULL,unknown,closed,2008-03-03,3,3,2008,1,Monday,91592.31,3816.35,6,91592.31,NULL,NULL,NULL
10715000,"Project Nova","Ana Marić",NULL,unknown,closed,2008-03-03,3,3,2008,1,Monday,91468.42,3811.18,9,91468.42,NULL,NULL,NULL
10716000,"Project Apollo","Katarina Božić",NULL,unknown,closed,2008-03-03,3,3,2008,1,Monday,91464.94,3811.04,5,91464.94,NULL,NULL,NULL
10717000,"Project Quantum","Ivana Knežević",NULL,unknown,closed,2008-03-03,3,3,2008,1,Monday,91460.48,3810.85,22,91460.48,NULL,NULL,NULL
10718000,"Project Solaris","Josip Horvat",NULL,unknown,closed,2008-03-04,4,3,2008,1,Tuesday,91445.69,3810.24,13,91445.69,NULL,NULL,NULL
10720000,"Project Apollo","Petar Božić",NULL,unknown,closed,2008-03-04,4,3,2008,1,Tuesday,91440.77,3810.03,8,91440.77,NULL,NULL,NULL
10721000,"Project Nova","Ana Božić",NULL,unknown,closed,2008-03-04,4,3,2008,1,Tuesday,91438.96,3809.96,14,91438.96,NULL,NULL,NULL
10722000,"Project Apollo","Petar Božić",NULL,unknown,closed,2008-03-05,5,3,2008,1,Wednesday,91419.94,3809.16,7,91419.94,NULL,NULL,NULL
10723000,"Project Quantum","Ivana Knežević",NULL,unknown,closed,2008-03-05,5,3,2008,1,Wednesday,91410.71,3808.78,9,91410.71,NULL,NULL,NULL
10724000,"Project Solaris","Josip Horvat",NULL,unknown,closed,2008-03-06,6,3,2008,1,Thursday,91398.21,3808.26,6,91398.21,NULL,NULL,NULL
10725000,"Project Solaris","Josip Horvat",NULL,unknown,closed,2008-03-06,6,3,2008,1,Thursday,91397.08,3808.21,11,91397.08,NULL,NULL,NULL
10726000,"Project Phoenix","Petra Pavlović",NULL,unknown,closed,2008-03-06,6,3,2008,1,Thursday,91397.14,3808.21,11,91397.14,NULL,NULL,NULL
10727000,"Project Apollo","Ana Kovačić",NULL,unknown,closed,2008-03-06,6,3,2008,1,Thursday,91514.35,3813.10,22,91514.35,NULL,NULL,NULL
10728000,"Project Vega","Katarina Božić",NULL,unknown,closed,2008-03-09,9,3,2008,1,Sunday,91323.12,3805.13,7,91323.12,NULL,NULL,NULL
10729000,"Project Vega","Petra Novak",NULL,unknown,closed,2008-03-09,9,3,2008,1,Sunday,91322.57,3805.11,11,91322.57,NULL,NULL,NULL
10730000,"Project Solaris","Josip Horvat",NULL,unknown,closed,2008-03-09,9,3,2008,1,Sunday,91320.75,3805.03,10,91320.75,NULL,NULL,NULL
10731000,"Project Horizon","Marko Božić",NULL,unknown,closed,2008-03-09,9,3,2008,1,Sunday,91436.96,3809.87,9,91436.96,NULL,NULL,NULL
10735000,"Project Solaris","Josip Horvat",NULL,unknown,closed,2008-03-10,10,3,2008,1,Monday,91297.89,3804.08,21,91297.89,NULL,NULL,NULL
10736000,"Project Quantum","Ivana Knežević",NULL,unknown,closed,2008-03-10,10,3,2008,1,Monday,91293.54,3803.90,12,91293.54,NULL,NULL,NULL
10739000,"Project Orion","Luka Knežević",NULL,unknown,closed,2008-03-11,11,3,2008,1,Tuesday,91400.60,3808.36,6,91400.60,NULL,NULL,NULL
10741000,"Project Vega","Marko Kovačić",NULL,unknown,closed,2008-03-11,11,3,2008,1,Tuesday,91277.34,3803.22,8,91277.34,NULL,NULL,NULL
10742000,"Project Solaris","Josip Horvat",NULL,unknown,closed,2008-03-11,11,3,2008,1,Tuesday,91276.53,3803.19,12,91276.53,NULL,NULL,NULL
10743000,"Project Orion","Luka Knežević",NULL,unknown,closed,2008-03-11,11,3,2008,1,Tuesday,91397.71,3808.24,7,91397.71,NULL,NULL,NULL
10744000,"Project Horizon","Marko Božić",NULL,unknown,closed,2008-03-11,11,3,2008,1,Tuesday,91397.43,3808.23,5,91397.43,NULL,NULL,NULL
10745000,"Project Vega","Marko Kovačić",NULL,unknown,closed,2008-03-11,11,3,2008,1,Tuesday,91272.26,3803.01,10,91272.26,NULL,NULL,NULL
10748000,"Project Vega","Marko Kovačić",NULL,unknown,closed,2008-03-11,11,3,2008,1,Tuesday,91271.86,3802.99,4,91271.86,NULL,NULL,NULL
10755000,"Project Solaris","Josip Horvat",NULL,unknown,closed,2008-03-12,12,3,2008,1,Wednesday,91254.09,3802.25,9,91254.09,NULL,NULL,NULL
10757000,"Project Atlas","Katarina Kovačić",NULL,unknown,closed,2008-03-12,12,3,2008,1,Wednesday,91253.21,3802.22,7,91253.21,NULL,NULL,NULL
10758000,"Project Apollo","Ana Kovačić",NULL,unknown,closed,2008-03-12,12,3,2008,1,Wednesday,91375.91,3807.33,14,91375.91,NULL,NULL,NULL
10759000,"Project Solaris","Josip Horvat",NULL,unknown,closed,2008-03-12,12,3,2008,1,Wednesday,91249.93,3802.08,8,91249.93,NULL,NULL,NULL
10760000,"Project Eclipse","Josip Vuković",NULL,unknown,closed,2008-03-13,13,3,2008,1,Thursday,91353.44,3806.39,6,91353.44,NULL,NULL,NULL
10763000,"Project Atlas","Katarina Kovačić",NULL,unknown,closed,2008-03-13,13,3,2008,1,Thursday,91227.96,3801.17,8,91227.96,NULL,NULL,NULL
10764000,"Project Vega","Petra Novak",NULL,unknown,closed,2008-03-13,13,3,2008,1,Thursday,91225.74,3801.07,10,91225.74,NULL,NULL,NULL
10765000,"Project Apollo","Petar Božić",NULL,unknown,closed,2008-03-13,13,3,2008,1,Thursday,91222.77,3800.95,60,91222.77,NULL,NULL,NULL
10766000,"Project Phoenix","Petra Pavlović",NULL,unknown,closed,2008-03-16,16,3,2008,1,Sunday,91164.37,3798.52,8,91164.37,NULL,NULL,NULL
10768000,"Project Horizon","Marko Božić",NULL,unknown,closed,2008-03-16,16,3,2008,1,Sunday,91277.34,3803.22,2,91277.34,NULL,NULL,NULL
10769000,"Project Phoenix","Petra Pavlović",NULL,unknown,closed,2008-03-16,16,3,2008,1,Sunday,91151.66,3797.99,8,91151.66,NULL,NULL,NULL
10770000,"Project Nova","Petra Jurić",NULL,unknown,closed,2008-03-16,16,3,2008,1,Sunday,91274.76,3803.12,8,91274.76,NULL,NULL,NULL
10771000,"Project Apollo","Petar Božić",NULL,unknown,closed,2008-03-17,17,3,2008,1,Monday,91134.13,3797.26,3,91134.13,NULL,NULL,NULL
10772000,"Project Orion","Petra Knežević",NULL,unknown,closed,2008-03-17,17,3,2008,1,Monday,91253.93,3802.25,15,91253.93,NULL,NULL,NULL
10773000,"Project Horizon","Marko Božić",NULL,unknown,closed,2008-03-17,17,3,2008,1,Monday,91251.77,3802.16,6,91251.77,NULL,NULL,NULL
10774000,"Project Zenith","Ivan Vuković",NULL,unknown,closed,2008-03-18,18,3,2008,1,Tuesday,91232.84,3801.37,13,91232.84,NULL,NULL,NULL
10776000,"Project Nova","Ana Božić",NULL,unknown,closed,2008-03-18,18,3,2008,1,Tuesday,91107.74,3796.16,7,91107.74,NULL,NULL,NULL
10777000,"Project Nova","Ana Božić",NULL,unknown,closed,2008-03-18,18,3,2008,1,Tuesday,91107.75,3796.16,5,91107.75,NULL,NULL,NULL
10778000,"Project Atlas","Marko Novak",NULL,unknown,closed,2008-03-18,18,3,2008,1,Tuesday,91229.43,3801.23,7,91229.43,NULL,NULL,NULL
10779000,"Project Vega","Marko Kovačić",NULL,unknown,closed,2008-03-18,18,3,2008,1,Tuesday,91101.59,3795.90,14,91101.59,NULL,NULL,NULL
10780000,"Project Solaris","Josip Horvat",NULL,unknown,closed,2008-03-18,18,3,2008,1,Tuesday,91104.40,3796.02,11,91104.40,NULL,NULL,NULL
10781000,"Project Nexus","Josip Kovačić",NULL,unknown,closed,2008-03-19,19,3,2008,1,Wednesday,91204.35,3800.18,4,91204.35,NULL,NULL,NULL
10783000,"Project Zenith","Ivana Horvat",NULL,unknown,closed,2008-03-19,19,3,2008,1,Wednesday,91077.28,3794.89,8,91077.28,NULL,NULL,NULL
10784000,"Project Phoenix","Petra Pavlović",NULL,unknown,closed,2008-03-19,19,3,2008,1,Wednesday,91079.99,3795.00,14,91079.99,NULL,NULL,NULL
10787000,"Project Nova","Luka Kovačić",NULL,unknown,closed,2008-03-20,20,3,2008,1,Thursday,91180.07,3799.17,4,91180.07,NULL,NULL,NULL
10789000,"Project Eclipse","Katarina Kovačić",NULL,unknown,closed,2008-03-23,23,3,2008,1,Sunday,90990.87,3791.29,7,90990.87,NULL,NULL,NULL
10790000,"Project Nova","Petra Jurić",NULL,unknown,closed,2008-03-23,23,3,2008,1,Sunday,91111.60,3796.32,4,91111.60,NULL,NULL,NULL
10791000,"Project Nova","Petra Jurić",NULL,unknown,closed,2008-03-23,23,3,2008,1,Sunday,91111.58,3796.32,9,91111.58,NULL,NULL,NULL
10795000,"Project Orion","Petra Knežević",NULL,unknown,closed,2008-03-23,23,3,2008,1,Sunday,91109.10,3796.21,11,91109.10,NULL,NULL,NULL
10796000,"Project Eclipse","Katarina Kovačić",NULL,unknown,closed,2008-03-23,23,3,2008,1,Sunday,90979.17,3790.80,12,90979.17,NULL,NULL,NULL
10797000,"Project Apollo","Petar Božić",NULL,unknown,closed,2008-03-23,23,3,2008,1,Sunday,90982.72,3790.95,9,90982.72,NULL,NULL,NULL
10798000,"Project Quantum","Ivana Knežević",NULL,unknown,closed,2008-03-23,23,3,2008,1,Sunday,90973.84,3790.58,13,90973.84,NULL,NULL,NULL
10799000,"Project Orion","Luka Knežević",NULL,unknown,closed,2008-03-24,24,3,2008,1,Monday,91084.92,3795.21,7,91084.92,NULL,NULL,NULL
10800000,"Project Phoenix","Petra Pavlović",NULL,unknown,closed,2008-03-24,24,3,2008,1,Monday,90959.38,3789.97,14,90959.38,NULL,NULL,NULL
10801000,"Project Atlas","Katarina Kovačić",NULL,unknown,closed,2008-03-25,25,3,2008,1,Tuesday,90942.21,3789.26,8,90942.21,NULL,NULL,NULL
10803000,"Project Vega","Marko Kovačić",NULL,unknown,closed,2008-03-25,25,3,2008,1,Tuesday,90942.13,3789.26,9,90942.13,NULL,NULL,NULL
10804000,"Project Solaris","Josip Horvat",NULL,unknown,closed,2008-03-25,25,3,2008,1,Tuesday,90941.67,3789.24,9,90941.67,NULL,NULL,NULL
10805000,"Project Eclipse","Katarina Kovačić",NULL,unknown,closed,2008-03-25,25,3,2008,1,Tuesday,90941.08,3789.21,24,90941.08,NULL,NULL,NULL
10806000,"Project Vega","Marko Kovačić",NULL,unknown,closed,2008-03-25,25,3,2008,1,Tuesday,90936.31,3789.01,8,90936.31,NULL,NULL,NULL
10809000,"Project Eclipse","Katarina Kovačić",NULL,unknown,closed,2008-03-25,25,3,2008,1,Tuesday,90935.22,3788.97,12,90935.22,NULL,NULL,NULL
10810000,"Project Eclipse","Katarina Kovačić",NULL,unknown,closed,2008-03-25,25,3,2008,1,Tuesday,90935.11,3788.96,16,90935.11,NULL,NULL,NULL
10811000,"Project Orion","Luka Knežević",NULL,unknown,closed,2008-03-26,26,3,2008,1,Wednesday,91043.27,3793.47,5,91043.27,NULL,NULL,NULL
10812000,"Project Eclipse","Katarina Kovačić",NULL,unknown,closed,2008-03-26,26,3,2008,1,Wednesday,90918.57,3788.27,15,90918.57,NULL,NULL,NULL
10813000,"Project Aurora","Petra Horvat",NULL,unknown,closed,2008-03-26,26,3,2008,1,Wednesday,90913.09,3788.05,8,90913.09,NULL,NULL,NULL
10814000,"Project Aurora","Petra Horvat",NULL,unknown,closed,2008-03-26,26,3,2008,1,Wednesday,90913.06,3788.04,3,90913.06,NULL,NULL,NULL
10815000,"Project Aurora","Petra Horvat",NULL,unknown,closed,2008-03-26,26,3,2008,1,Wednesday,90912.94,3788.04,23,90912.94,NULL,NULL,NULL
10816000,"Project Aurora","Petra Horvat",NULL,unknown,closed,2008-03-26,26,3,2008,1,Wednesday,90912.89,3788.04,14,90912.89,NULL,NULL,NULL
10819000,"Project Aurora","Petra Horvat",NULL,unknown,closed,2008-03-26,26,3,2008,1,Wednesday,90910.32,3787.93,31,90910.32,NULL,NULL,NULL
10821000,"Project Vega","Marko Kovačić",NULL,unknown,closed,2008-03-26,26,3,2008,1,Wednesday,90909.57,3787.90,9,90909.57,NULL,NULL,NULL
10823000,"Project Phoenix","Ivana Novak",NULL,unknown,closed,2008-03-27,27,3,2008,1,Thursday,90892.82,3787.20,8,90892.82,NULL,NULL,NULL
10824000,"Project Phoenix","Ivana Novak",NULL,unknown,closed,2008-03-27,27,3,2008,1,Thursday,90892.82,3787.20,3,90892.82,NULL,NULL,NULL
10825000,"Project Phoenix","Ivana Novak",NULL,unknown,closed,2008-03-27,27,3,2008,1,Thursday,90892.82,3787.20,3,90892.82,NULL,NULL,NULL
10828000,"Project Vega","Marko Kovačić",NULL,unknown,closed,2008-03-27,27,3,2008,1,Thursday,90885.70,3786.90,16,90885.70,NULL,NULL,NULL
10829000,"Project Phoenix","Ivana Novak",NULL,unknown,closed,2008-03-27,27,3,2008,1,Thursday,90878.43,3786.60,9,90878.43,NULL,NULL,NULL
10830000,"Project Quantum","Ivana Knežević",NULL,unknown,closed,2008-03-30,30,3,2008,1,Sunday,90820.60,3784.19,13,90820.60,NULL,NULL,NULL
10831000,"Project Quantum","Ivana Knežević",NULL,unknown,closed,2008-03-30,30,3,2008,1,Sunday,90820.30,3784.18,7,90820.30,NULL,NULL,NULL
10832000,"Project Horizon","Katarina Kovačić",NULL,unknown,closed,2008-03-30,30,3,2008,1,Sunday,90823.25,3784.30,11,90823.25,NULL,NULL,NULL
10833000,"Project Nova","Ana Božić",NULL,unknown,closed,2008-03-30,30,3,2008,1,Sunday,90821.98,3784.25,9,90821.98,NULL,NULL,NULL
10835000,"Project Solaris","Josip Horvat",NULL,unknown,closed,2008-03-30,30,3,2008,1,Sunday,90821.78,3784.24,9,90821.78,NULL,NULL,NULL
10836000,"Project Orion","Petra Knežević",NULL,unknown,closed,2008-03-30,30,3,2008,1,Sunday,90944.80,3789.37,40,90944.80,NULL,NULL,NULL
10837000,"Project Orion","Petra Knežević",NULL,unknown,closed,2008-03-30,30,3,2008,1,Sunday,90944.74,3789.36,16,90944.74,NULL,NULL,NULL
10838000,"Project Orion","Petra Knežević",NULL,unknown,closed,2008-03-30,30,3,2008,1,Sunday,90944.65,3789.36,22,90944.65,NULL,NULL,NULL
10839000,"Project Vega","Marko Kovačić",NULL,unknown,closed,2008-03-30,30,3,2008,1,Sunday,90820.38,3784.18,65,90820.38,NULL,NULL,NULL
10840000,"Project Atlas","Marko Novak",NULL,unknown,closed,2008-03-30,30,3,2008,1,Sunday,90943.02,3789.29,23,90943.02,NULL,NULL,NULL
10843000,"Project Orion","Luka Knežević",NULL,unknown,closed,2008-03-30,30,3,2008,1,Sunday,90939.50,3789.15,9,90939.50,NULL,NULL,NULL
10846000,"Project Vega","Marko Kovačić",NULL,unknown,closed,2008-03-31,31,3,2008,1,Monday,90798.80,3783.28,8,90798.80,NULL,NULL,NULL
10847000,"Project Vega","Marko Kovačić",NULL,unknown,closed,2008-03-31,31,3,2008,1,Monday,90798.39,3783.27,7,90798.39,NULL,NULL,NULL
10849000,"Project Zenith","Ivana Horvat",NULL,unknown,closed,2008-03-31,31,3,2008,1,Monday,90797.92,3783.25,15,90797.92,NULL,NULL,NULL
10850000,"Project Orion","Marko Novak",NULL,unknown,closed,2008-03-31,31,3,2008,1,Monday,90797.59,3783.23,11,90797.59,NULL,NULL,NULL
10851000,"Project Vega","Marko Kovačić",NULL,unknown,closed,2008-03-31,31,3,2008,1,Monday,90796.62,3783.19,7,90796.62,NULL,NULL,NULL
10852000,"Project Phoenix","Ivana Novak",NULL,unknown,closed,2008-03-31,31,3,2008,1,Monday,90794.94,3783.12,9,90794.94,NULL,NULL,NULL
10853000,"Project Phoenix","Ivana Novak",NULL,unknown,closed,2008-03-31,31,3,2008,1,Monday,90794.93,3783.12,11,90794.93,NULL,NULL,NULL
10854000,"Project Vega","Marko Kovačić",NULL,unknown,closed,2008-03-31,31,3,2008,1,Monday,90793.66,3783.07,8,90793.66,NULL,NULL,NULL
10856000,"Project Helios","Ivan Božić",NULL,unknown,closed,2008-04-01,1,4,2008,2,Tuesday,90895.19,3787.30,6,90895.19,NULL,NULL,NULL
10857000,"Project Helios","Ivan Božić",NULL,unknown,closed,2008-04-01,1,4,2008,2,Tuesday,90895.18,3787.30,5,90895.18,NULL,NULL,NULL
10858000,"Project Atlas","Marko Novak",NULL,unknown,closed,2008-04-01,1,4,2008,2,Tuesday,90895.46,3787.31,3,90895.46,NULL,NULL,NULL
10859000,"Project Atlas","Katarina Kovačić",NULL,unknown,closed,2008-04-01,1,4,2008,2,Tuesday,90771.85,3782.16,17,90771.85,NULL,NULL,NULL
10861000,"Project Horizon","Marko Božić",NULL,unknown,closed,2008-04-01,1,4,2008,2,Tuesday,90893.89,3787.25,7,90893.89,NULL,NULL,NULL
10862000,"Project Aurora","Petra Horvat",NULL,unknown,closed,2008-04-01,1,4,2008,2,Tuesday,90766.16,3781.92,9,90766.16,NULL,NULL,NULL
10863000,"Project Vega","Marko Kovačić",NULL,unknown,closed,2008-04-01,1,4,2008,2,Tuesday,90770.27,3782.09,3,90770.27,NULL,NULL,NULL
10864000,"Project Vega","Marko Kovačić",NULL,unknown,closed,2008-04-01,1,4,2008,2,Tuesday,90770.26,3782.09,8,90770.26,NULL,NULL,NULL
10865000,"Project Vega","Marko Kovačić",NULL,unknown,closed,2008-04-01,1,4,2008,2,Tuesday,90770.27,3782.09,3,90770.27,NULL,NULL,NULL
10866000,"Project Aurora","Petra Horvat",NULL,unknown,closed,2008-04-01,1,4,2008,2,Tuesday,90765.82,3781.91,24,90765.82,NULL,NULL,NULL
10868000,"Project Zenith","Katarina Marić",NULL,unknown,closed,2008-04-01,1,4,2008,2,Tuesday,90766.20,3781.93,10,90766.20,NULL,NULL,NULL
10869000,"Project Orion","Marko Novak",NULL,unknown,closed,2008-04-01,1,4,2008,2,Tuesday,90768.73,3782.03,3,90768.73,NULL,NULL,NULL
10871000,"Project Orion","Marko Novak",NULL,unknown,closed,2008-04-01,1,4,2008,2,Tuesday,90768.56,3782.02,7,90768.56,NULL,NULL,NULL
10872000,"Project Quantum","Ivana Marić",NULL,unknown,closed,2008-04-02,2,4,2008,2,Wednesday,90747.19,3781.13,10,90747.19,NULL,NULL,NULL
10873000,"Project Orion","Marko Novak",NULL,unknown,closed,2008-04-02,2,4,2008,2,Wednesday,90751.19,3781.30,18,90751.19,NULL,NULL,NULL
10874000,"Project Orion","Marko Novak",NULL,unknown,closed,2008-04-02,2,4,2008,2,Wednesday,90751.17,3781.30,10,90751.17,NULL,NULL,NULL
10875000,"Project Orion","Marko Novak",NULL,unknown,closed,2008-04-02,2,4,2008,2,Wednesday,90751.14,3781.30,11,90751.14,NULL,NULL,NULL
10876000,"Project Orion","Marko Novak",NULL,unknown,closed,2008-04-02,2,4,2008,2,Wednesday,90751.13,3781.30,21,90751.13,NULL,NULL,NULL
10877000,"Project Orion","Marko Novak",NULL,unknown,closed,2008-04-02,2,4,2008,2,Wednesday,90751.03,3781.29,13,90751.03,NULL,NULL,NULL
10879000,"Project Phoenix","Ivana Novak",NULL,unknown,closed,2008-04-02,2,4,2008,2,Wednesday,90750.71,3781.28,10,90750.71,NULL,NULL,NULL
10880000,"Project Atlas","Katarina Kovačić",NULL,unknown,closed,2008-04-02,2,4,2008,2,Wednesday,90749.68,3781.24,7,90749.68,NULL,NULL,NULL
10881000,"Project Phoenix","Petar Marić",NULL,unknown,closed,2008-04-02,2,4,2008,2,Wednesday,90748.20,3781.18,8,90748.20,NULL,NULL,NULL
10882000,"Project Zenith","Ivana Horvat",NULL,unknown,closed,2008-04-02,2,4,2008,2,Wednesday,90742.19,3780.92,7,90742.19,NULL,NULL,NULL
10884000,"Project Atlas","Katarina Kovačić",NULL,unknown,closed,2008-04-03,3,4,2008,2,Thursday,90723.67,3780.15,3,90723.67,NULL,NULL,NULL
10885000,"Project Atlas","Katarina Kovačić",NULL,unknown,closed,2008-04-03,3,4,2008,2,Thursday,90723.67,3780.15,8,90723.67,NULL,NULL,NULL
10887000,"Project Atlas","Marko Novak",NULL,unknown,closed,2008-04-03,3,4,2008,2,Thursday,90845.62,3785.23,7,90845.62,NULL,NULL,NULL
10888000,"Project Eclipse","Katarina Kovačić",NULL,unknown,closed,2008-04-03,3,4,2008,2,Thursday,90719.56,3779.98,9,90719.56,NULL,NULL,NULL
10889000,"Project Apollo","Petar Božić",NULL,unknown,closed,2008-04-06,6,4,2008,2,Sunday,90655.12,3777.30,7,90655.12,NULL,NULL,NULL
10890000,"Project Zenith","Ivan Vuković",NULL,unknown,closed,2008-04-06,6,4,2008,2,Sunday,90778.22,3782.43,7,90778.22,NULL,NULL,NULL
10891000,"Project Atlas","Katarina Kovačić",NULL,unknown,closed,2008-04-06,6,4,2008,2,Sunday,90654.86,3777.29,8,90654.86,NULL,NULL,NULL
10892000,"Project Apollo","Petar Kovačić",NULL,unknown,closed,2008-04-06,6,4,2008,2,Sunday,90654.18,3777.26,7,90654.18,NULL,NULL,NULL
10894000,"Project Helios","Ivan Božić",NULL,unknown,closed,2008-04-06,6,4,2008,2,Sunday,90775.97,3782.33,8,90775.97,NULL,NULL,NULL
10895000,"Project Phoenix","Petra Pavlović",NULL,unknown,closed,2008-04-06,6,4,2008,2,Sunday,90652.30,3777.18,8,90652.30,NULL,NULL,NULL
10896000,"Project Vega","Marko Kovačić",NULL,unknown,closed,2008-04-06,6,4,2008,2,Sunday,90651.29,3777.14,33,90651.29,NULL,NULL,NULL
10898000,"Project Nova","Ivan Marić",NULL,unknown,closed,2008-04-06,6,4,2008,2,Sunday,90647.72,3776.99,7,90647.72,NULL,NULL,NULL
10899000,"Project Atlas","Marko Novak",NULL,unknown,closed,2008-04-06,6,4,2008,2,Sunday,90769.97,3782.08,6,90769.97,NULL,NULL,NULL
10900000,"Project Titan","Petar Babić",NULL,unknown,closed,2008-04-07,7,4,2008,2,Monday,90753.79,3781.41,5,90753.79,NULL,NULL,NULL
10901000,"Project Orion","Marko Novak",NULL,unknown,closed,2008-04-07,7,4,2008,2,Monday,90630.34,3776.26,10,90630.34,NULL,NULL,NULL
10902000,"Project Orion","Marko Novak",NULL,unknown,closed,2008-04-07,7,4,2008,2,Monday,90630.31,3776.26,9,90630.31,NULL,NULL,NULL
10903000,"Project Orion","Marko Novak",NULL,unknown,closed,2008-04-07,7,4,2008,2,Monday,90630.30,3776.26,9,90630.30,NULL,NULL,NULL
10904000,"Project Solaris","Josip Horvat",NULL,unknown,closed,2008-04-07,7,4,2008,2,Monday,90629.30,3776.22,15,90629.30,NULL,NULL,NULL
10906000,"Project Phoenix","Petra Pavlović",NULL,unknown,closed,2008-04-07,7,4,2008,2,Monday,90627.15,3776.13,9,90627.15,NULL,NULL,NULL
10908000,"Project Eclipse","Katarina Kovačić",NULL,unknown,closed,2008-04-07,7,4,2008,2,Monday,90624.01,3776.00,11,90624.01,NULL,NULL,NULL
10911000,"Project Aurora","Petra Horvat",NULL,unknown,closed,2008-04-07,7,4,2008,2,Monday,90618.69,3775.78,63,90618.69,NULL,NULL,NULL
10913000,"Project Helios","Ivan Božić",NULL,unknown,closed,2008-04-08,8,4,2008,2,Tuesday,90728.62,3780.36,5,90728.62,NULL,NULL,NULL
10915000,"Project Apollo","Petar Božić",NULL,unknown,closed,2008-04-08,8,4,2008,2,Tuesday,90605.18,3775.22,11,90605.18,NULL,NULL,NULL
10916000,"Project Nova","Petra Jurić",NULL,unknown,closed,2008-04-08,8,4,2008,2,Tuesday,90727.42,3780.31,13,90727.42,NULL,NULL,NULL
10917000,"Project Nova","Ana Marić",NULL,unknown,closed,2008-04-08,8,4,2008,2,Tuesday,90603.39,3775.14,13,90603.39,NULL,NULL,NULL
10918000,"Project Nova","Katarina Kovačić",NULL,unknown,closed,2008-04-08,8,4,2008,2,Tuesday,90602.36,3775.10,4,90602.36,NULL,NULL,NULL
10919000,"Project Horizon","Marko Božić",NULL,unknown,closed,2008-04-08,8,4,2008,2,Tuesday,90724.14,3780.17,7,90724.14,NULL,NULL,NULL
10920000,"Project Atlas","Marko Novak",NULL,unknown,closed,2008-04-08,8,4,2008,2,Tuesday,90723.39,3780.14,12,90723.39,NULL,NULL,NULL
10921000,"Project Orion","Petra Knežević",NULL,unknown,closed,2008-04-09,9,4,2008,2,Wednesday,90706.03,3779.42,17,90706.03,NULL,NULL,NULL
10923000,"Project Orion","Marko Novak",NULL,unknown,closed,2008-04-09,9,4,2008,2,Wednesday,90580.85,3774.20,14,90580.85,NULL,NULL,NULL
10924000,"Project Nova","Petra Jurić",NULL,unknown,closed,2008-04-09,9,4,2008,2,Wednesday,90703.67,3779.32,13,90703.67,NULL,NULL,NULL
10925000,"Project Orion","Luka Knežević",NULL,unknown,closed,2008-04-09,9,4,2008,2,Wednesday,90703.52,3779.31,9,90703.52,NULL,NULL,NULL
10926000,"Project Solaris","Josip Horvat",NULL,unknown,closed,2008-04-09,9,4,2008,2,Wednesday,90579.26,3774.14,12,90579.26,NULL,NULL,NULL
10927000,"Project Nexus","Luka Vuković",NULL,unknown,closed,2008-04-09,9,4,2008,2,Wednesday,90701.23,3779.22,10,90701.23,NULL,NULL,NULL
10928000,"Project Nova","Ana Marić",NULL,unknown,closed,2008-04-09,9,4,2008,2,Wednesday,90575.07,3773.96,6,90575.07,NULL,NULL,NULL
10929000,"Project Atlas","Katarina Kovačić",NULL,unknown,closed,2008-04-10,10,4,2008,2,Thursday,90559.17,3773.30,6,90559.17,NULL,NULL,NULL
10930000,"Project Nova","Petra Jurić",NULL,unknown,closed,2008-04-12,12,4,2008,2,Saturday,90626.87,3776.12,7,90626.87,NULL,NULL,NULL
10931000,"Project Nova","Petra Jurić",NULL,unknown,closed,2008-04-12,12,4,2008,2,Saturday,90626.73,3776.11,9,90626.73,NULL,NULL,NULL
10932000,"Project Atlas","Marko Novak",NULL,unknown,closed,2008-04-13,13,4,2008,2,Sunday,90609.76,3775.41,12,90609.76,NULL,NULL,NULL
10934000,"Project Vega","Marko Kovačić",NULL,unknown,closed,2008-04-13,13,4,2008,2,Sunday,90481.90,3770.08,9,90481.90,NULL,NULL,NULL
10935000,"Project Vega","Marko Kovačić",NULL,unknown,closed,2008-04-13,13,4,2008,2,Sunday,90478.24,3769.93,4,90478.24,NULL,NULL,NULL
10936000,"Project Phoenix","Petra Pavlović",NULL,unknown,closed,2008-04-14,14,4,2008,2,Monday,90459.55,3769.15,10,90459.55,NULL,NULL,NULL
10937000,"Project Phoenix","Petra Pavlović",NULL,unknown,closed,2008-04-14,14,4,2008,2,Monday,90463.07,3769.29,10,90463.07,NULL,NULL,NULL
10938000,"Project Zenith","Ivana Horvat",NULL,unknown,closed,2008-04-14,14,4,2008,2,Monday,90459.48,3769.15,6,90459.48,NULL,NULL,NULL
10939000,"Project Zenith","Ivana Horvat",NULL,unknown,closed,2008-04-14,14,4,2008,2,Monday,90462.83,3769.28,6,90462.83,NULL,NULL,NULL
10940000,"Project Nexus","Luka Vuković",NULL,unknown,closed,2008-04-14,14,4,2008,2,Monday,90460.61,3769.19,5,90460.61,NULL,NULL,NULL
10942000,"Project Nexus","Petar Babić",NULL,unknown,closed,2008-04-14,14,4,2008,2,Monday,90459.94,3769.16,6,90459.94,NULL,NULL,NULL
10943000,"Project Vega","Marko Kovačić",NULL,unknown,closed,2008-04-14,14,4,2008,2,Monday,90455.31,3768.97,11,90455.31,NULL,NULL,NULL
10944000,"Project Vega","Marko Kovačić",NULL,unknown,closed,2008-04-15,15,4,2008,2,Tuesday,90439.65,3768.32,11,90439.65,NULL,NULL,NULL
10945000,"Project Zenith","Ivan Vuković",NULL,unknown,closed,2008-04-15,15,4,2008,2,Tuesday,90562.34,3773.43,6,90562.34,NULL,NULL,NULL
10946000,"Project Vega","Marko Kovačić",NULL,unknown,closed,2008-04-15,15,4,2008,2,Tuesday,90439.27,3768.30,11,90439.27,NULL,NULL,NULL
10947000,"Project Vega","Marko Kovačić",NULL,unknown,closed,2008-04-15,15,4,2008,2,Tuesday,90439.07,3768.29,13,90439.07,NULL,NULL,NULL
10948000,"Project Solaris","Maja Knežević",NULL,unknown,closed,2008-04-15,15,4,2008,2,Tuesday,90555.74,3773.16,14,90555.74,NULL,NULL,NULL
10949000,"Project Quantum","Marko Knežević",NULL,unknown,closed,2008-04-16,16,4,2008,2,Wednesday,90415.02,3767.29,8,90415.02,NULL,NULL,NULL
10951000,"Project Orion","Luka Knežević",NULL,unknown,closed,2008-04-17,17,4,2008,2,Thursday,90513.05,3771.38,7,90513.05,NULL,NULL,NULL
10952000,"Project Zenith","Ivana Horvat",NULL,unknown,closed,2008-04-17,17,4,2008,2,Thursday,90389.31,3766.22,8,90389.31,NULL,NULL,NULL
10955000,"Project Nova","Ana Marić",NULL,unknown,closed,2008-04-17,17,4,2008,2,Thursday,90387.39,3766.14,13,90387.39,NULL,NULL,NULL
10957000,"Project Vega","Marko Kovačić",NULL,unknown,closed,2008-04-17,17,4,2008,2,Thursday,90379.71,3765.82,4,90379.71,NULL,NULL,NULL
10959000,"Project Orion","Marko Novak",NULL,unknown,closed,2008-04-20,20,4,2008,2,Sunday,90318.32,3763.26,12,90318.32,NULL,NULL,NULL
10960000,"Project Vega","Marko Kovačić",NULL,unknown,closed,2008-04-20,20,4,2008,2,Sunday,90316.56,3763.19,10,90316.56,NULL,NULL,NULL
10961000,"Project Apollo","Petar Božić",NULL,unknown,closed,2008-04-20,20,4,2008,2,Sunday,90314.42,3763.10,10,90314.42,NULL,NULL,NULL
10962000,"Project Nova","Ana Božić",NULL,unknown,closed,2008-04-20,20,4,2008,2,Sunday,90312.80,3763.03,8,90312.80,NULL,NULL,NULL
10963000,"Project Nova","Ana Božić",NULL,unknown,closed,2008-04-20,20,4,2008,2,Sunday,90312.78,3763.03,3,90312.78,NULL,NULL,NULL
10964000,"Project Nova","Ana Božić",NULL,unknown,closed,2008-04-20,20,4,2008,2,Sunday,90312.78,3763.03,4,90312.78,NULL,NULL,NULL
10965000,"Project Nova","Petra Jurić",NULL,unknown,closed,2008-04-20,20,4,2008,2,Sunday,90435.44,3768.14,6,90435.44,NULL,NULL,NULL
10967000,"Project Phoenix","Petra Pavlović",NULL,unknown,closed,2008-04-21,21,4,2008,2,Monday,90290.55,3762.11,9,90290.55,NULL,NULL,NULL
10968000,"Project Helios","Ivan Božić",NULL,unknown,closed,2008-04-21,21,4,2008,2,Monday,90415.58,3767.32,8,90415.58,NULL,NULL,NULL
10969000,"Project Orion","Marko Novak",NULL,unknown,closed,2008-04-21,21,4,2008,2,Monday,90291.46,3762.14,13,90291.46,NULL,NULL,NULL
10973000,"Project Atlas","Katarina Kovačić",NULL,unknown,closed,2008-04-22,22,4,2008,2,Tuesday,90269.99,3761.25,9,90269.99,NULL,NULL,NULL
10974000,"Project Orion","Petra Knežević",NULL,unknown,closed,2008-04-22,22,4,2008,2,Tuesday,90393.38,3766.39,25,90393.38,NULL,NULL,NULL
10975000,"Project Nova","Ana Božić",NULL,unknown,closed,2008-04-22,22,4,2008,2,Tuesday,90268.57,3761.19,14,90268.57,NULL,NULL,NULL
10977000,"Project Orion","Marko Novak",NULL,unknown,closed,2008-04-22,22,4,2008,2,Tuesday,90268.34,3761.18,9,90268.34,NULL,NULL,NULL
10978000,"Project Aurora","Petra Novak",NULL,unknown,closed,2008-04-22,22,4,2008,2,Tuesday,90387.60,3766.15,9,90387.60,NULL,NULL,NULL
10980000,"Project Orion","Marko Vuković",NULL,unknown,closed,2008-04-23,23,4,2008,2,Wednesday,90369.48,3765.40,6,90369.48,NULL,NULL,NULL
10981000,"Project Vega","Marko Kovačić",NULL,unknown,closed,2008-04-23,23,4,2008,2,Wednesday,90240.28,3760.01,20,90240.28,NULL,NULL,NULL
10982000,"Project Atlas","Katarina Kovačić",NULL,unknown,closed,2008-04-24,24,4,2008,2,Thursday,90222.78,3759.28,7,90222.78,NULL,NULL,NULL
10984000,"Project Atlas","Katarina Kovačić",NULL,unknown,closed,2008-04-24,24,4,2008,2,Thursday,90214.57,3758.94,13,90214.57,NULL,NULL,NULL
10985000,"Project Atlas","Marko Novak",NULL,unknown,closed,2008-04-27,27,4,2008,2,Sunday,90272.75,3761.36,5,90272.75,NULL,NULL,NULL
10988000,"Project Orion","Luka Knežević",NULL,unknown,closed,2008-04-27,27,4,2008,2,Sunday,90267.89,3761.16,5,90267.89,NULL,NULL,NULL
10989000,"Project Orion","Luka Knežević",NULL,unknown,closed,2008-04-27,27,4,2008,2,Sunday,90267.20,3761.13,4,90267.20,NULL,NULL,NULL
10990000,"Project Nova","Petra Jurić",NULL,unknown,closed,2008-04-28,28,4,2008,2,Monday,90244.09,3760.17,7,90244.09,NULL,NULL,NULL
10991000,"Project Helios","Ivan Božić",NULL,unknown,closed,2008-04-28,28,4,2008,2,Monday,90242.59,3760.11,5,90242.59,NULL,NULL,NULL
10993000,"Project Eclipse","Josip Vuković",NULL,unknown,closed,2008-04-29,29,4,2008,2,Tuesday,90229.04,3759.54,14,90229.04,NULL,NULL,NULL
10994000,"Project Eclipse","Josip Vuković",NULL,unknown,closed,2008-04-29,29,4,2008,2,Tuesday,90228.81,3759.53,9,90228.81,NULL,NULL,NULL
10995000,"Project Solaris","Maja Knežević",NULL,unknown,closed,2008-04-29,29,4,2008,2,Tuesday,90226.92,3759.46,7,90226.92,NULL,NULL,NULL
10996000,"Project Vega","Marko Kovačić",NULL,unknown,closed,2008-04-29,29,4,2008,2,Tuesday,90100.37,3754.18,4,90100.37,NULL,NULL,NULL
10997000,"Project Solaris","Maja Knežević",NULL,unknown,closed,2008-04-29,29,4,2008,2,Tuesday,90210.48,3758.77,5,90210.48,NULL,NULL,NULL
10998000,"Project Eclipse","Katarina Kovačić",NULL,unknown,closed,2008-04-30,30,4,2008,2,Wednesday,90077.87,3753.24,12,90077.87,NULL,NULL,NULL
11001000,"Project Nova","Petra Jurić",NULL,unknown,closed,2008-04-30,30,4,2008,2,Wednesday,90191.69,3757.99,9,90191.69,NULL,NULL,NULL
11003000,"Project Zenith","Ivan Vuković",NULL,unknown,closed,2008-05-01,1,5,2008,2,Thursday,90170.83,3757.12,12,90170.83,NULL,NULL,NULL
11005000,"Project Eclipse","Josip Vuković",NULL,unknown,closed,2008-05-01,1,5,2008,2,Thursday,90169.76,3757.07,8,90169.76,NULL,NULL,NULL
11006000,"Project Nova","Petra Jurić",NULL,unknown,closed,2008-05-03,3,5,2008,2,Saturday,90122.86,3755.12,6,90122.86,NULL,NULL,NULL
11008000,"Project Solaris","Josip Horvat",NULL,unknown,closed,2008-05-04,4,5,2008,2,Sunday,89980.50,3749.19,9,89980.50,NULL,NULL,NULL
11010000,"Project Eclipse","Ana Božić",NULL,unknown,closed,2008-05-04,4,5,2008,2,Sunday,89976.82,3749.03,11,89976.82,NULL,NULL,NULL
11011000,"Project Phoenix","Petra Pavlović",NULL,unknown,closed,2008-05-05,5,5,2008,2,Monday,89957.11,3748.21,9,89957.11,NULL,NULL,NULL
11012000,"Project Apollo","Katarina Božić",NULL,unknown,closed,2008-05-05,5,5,2008,2,Monday,89956.99,3748.21,6,89956.99,NULL,NULL,NULL
11013000,"Project Vega","Marko Kovačić",NULL,unknown,closed,2008-05-05,5,5,2008,2,Monday,89956.89,3748.20,3,89956.89,NULL,NULL,NULL
11014000,"Project Orion","Marko Vuković",NULL,unknown,closed,2008-05-05,5,5,2008,2,Monday,90079.50,3753.31,6,90079.50,NULL,NULL,NULL
11015000,"Project Orion","Marko Vuković",NULL,unknown,closed,2008-05-05,5,5,2008,2,Monday,90079.00,3753.29,7,90079.00,NULL,NULL,NULL
11016000,"Project Nova","Petra Jurić",NULL,unknown,closed,2008-05-06,6,5,2008,2,Tuesday,90059.51,3752.48,6,90059.51,NULL,NULL,NULL
11017000,"Project Apollo","Ana Kovačić",NULL,unknown,closed,2008-05-06,6,5,2008,2,Tuesday,90058.35,3752.43,5,90058.35,NULL,NULL,NULL
11021000,"Project Orion","Marko Vuković",NULL,unknown,closed,2008-05-06,6,5,2008,2,Tuesday,90055.23,3752.30,7,90055.23,NULL,NULL,NULL
11023000,"Project Eclipse","Ana Božić",NULL,unknown,closed,2008-05-07,7,5,2008,2,Wednesday,89906.11,3746.09,9,89906.11,NULL,NULL,NULL
11024000,"Project Vega","Marko Kovačić",NULL,unknown,closed,2008-05-07,7,5,2008,2,Wednesday,89905.90,3746.08,15,89905.90,NULL,NULL,NULL
11025000,"Project Phoenix","Petra Pavlović",NULL,unknown,closed,2008-05-07,7,5,2008,2,Wednesday,89905.32,3746.06,15,89905.32,NULL,NULL,NULL
11027000,"Project Solaris","Maja Knežević",NULL,unknown,closed,2008-05-08,8,5,2008,2,Thursday,90008.77,3750.37,11,90008.77,NULL,NULL,NULL
11028000,"Project Eclipse","Ana Božić",NULL,unknown,closed,2008-05-08,8,5,2008,2,Thursday,89885.78,3745.24,11,89885.78,NULL,NULL,NULL
11029000,"Project Nova","Marko Knežević",NULL,unknown,closed,2008-05-08,8,5,2008,2,Thursday,90008.59,3750.36,7,90008.59,NULL,NULL,NULL
11030000,"Project Nova","Marko Knežević",NULL,unknown,closed,2008-05-08,8,5,2008,2,Thursday,90006.73,3750.28,10,90006.73,NULL,NULL,NULL
11031000,"Project Phoenix","Petar Marić",NULL,unknown,closed,2008-05-08,8,5,2008,2,Thursday,89883.44,3745.14,12,89883.44,NULL,NULL,NULL
11032000,"Project Apollo","Katarina Božić",NULL,unknown,closed,2008-05-11,11,5,2008,2,Sunday,89815.60,3742.32,8,89815.60,NULL,NULL,NULL
11033000,"Project Apollo","Katarina Božić",NULL,unknown,closed,2008-05-11,11,5,2008,2,Sunday,89811.16,3742.13,11,89811.16,NULL,NULL,NULL
11035000,"Project Eclipse","Katarina Kovačić",NULL,unknown,closed,2008-05-11,11,5,2008,2,Sunday,89810.10,3742.09,13,89810.10,NULL,NULL,NULL
11036000,"Project Apollo","Petar Kovačić",NULL,unknown,closed,2008-05-11,11,5,2008,2,Sunday,89807.62,3741.98,40,89807.62,NULL,NULL,NULL
11038000,"Project Atlas","Katarina Kovačić",NULL,unknown,closed,2008-05-12,12,5,2008,2,Monday,89788.02,3741.17,9,89788.02,NULL,NULL,NULL
11040000,"Project Nova","Ana Božić",NULL,unknown,closed,2008-05-12,12,5,2008,2,Monday,89785.42,3741.06,9,89785.42,NULL,NULL,NULL
11041000,"Project Solaris","Maja Knežević",NULL,unknown,closed,2008-05-13,13,5,2008,2,Tuesday,89889.71,3745.40,10,89889.71,NULL,NULL,NULL
11046000,"Project Horizon","Luka Horvat",NULL,unknown,closed,2008-05-13,13,5,2008,2,Tuesday,89758.07,3739.92,8,89758.07,NULL,NULL,NULL
11047000,"Project Solaris","Maja Knežević",NULL,unknown,closed,2008-05-13,13,5,2008,2,Tuesday,89884.17,3745.17,9,89884.17,NULL,NULL,NULL
11048000,"Project Eclipse","Josip Vuković",NULL,unknown,closed,2008-05-13,13,5,2008,2,Tuesday,89883.56,3745.15,6,89883.56,NULL,NULL,NULL
11049000,"Project Vega","Marko Kovačić",NULL,unknown,closed,2008-05-14,14,5,2008,2,Wednesday,89739.60,3739.15,10,89739.60,NULL,NULL,NULL
11051000,"Project Vega","Marko Kovačić",NULL,unknown,closed,2008-05-14,14,5,2008,2,Wednesday,89740.94,3739.21,10,89740.94,NULL,NULL,NULL
11052000,"Project Atlas","Katarina Kovačić",NULL,unknown,closed,2008-05-14,14,5,2008,2,Wednesday,89733.72,3738.91,10,89733.72,NULL,NULL,NULL
11054000,"Project Orion","Marko Novak",NULL,unknown,closed,2008-05-15,15,5,2008,2,Thursday,89714.54,3738.11,6,89714.54,NULL,NULL,NULL
11055000,"Project Orion","Marko Novak",NULL,unknown,closed,2008-05-15,15,5,2008,2,Thursday,89718.27,3738.26,12,89718.27,NULL,NULL,NULL
11057000,"Project Orion","Marko Novak",NULL,unknown,closed,2008-05-15,15,5,2008,2,Thursday,89713.29,3738.05,19,89713.29,NULL,NULL,NULL
11058000,"Project Atlas","Katarina Kovačić",NULL,unknown,closed,2008-05-18,18,5,2008,2,Sunday,89637.61,3734.90,5,89637.61,NULL,NULL,NULL
11059000,"Project Solaris","Maja Knežević",NULL,unknown,closed,2008-05-19,19,5,2008,2,Monday,89745.41,3739.39,12,89745.41,NULL,NULL,NULL
11060000,"Project Eclipse","Josip Vuković",NULL,unknown,closed,2008-05-19,19,5,2008,2,Monday,89731.07,3738.79,8,89731.07,NULL,NULL,NULL
11061000,"Project Eclipse","Josip Vuković",NULL,unknown,closed,2008-05-19,19,5,2008,2,Monday,89731.00,3738.79,6,89731.00,NULL,NULL,NULL
11063000,"Project Orion","Petra Knežević",NULL,unknown,closed,2008-05-20,20,5,2008,2,Tuesday,89718.87,3738.29,11,89718.87,NULL,NULL,NULL
11064000,"Project Nova","Ana Božić",NULL,unknown,closed,2008-05-20,20,5,2008,2,Tuesday,89592.85,3733.04,12,89592.85,NULL,NULL,NULL
11065000,"Project Nova","Ana Božić",NULL,unknown,closed,2008-05-20,20,5,2008,2,Tuesday,89592.83,3733.03,3,89592.83,NULL,NULL,NULL
11066000,"Project Nova","Petra Jurić",NULL,unknown,closed,2008-05-20,20,5,2008,2,Tuesday,89714.25,3738.09,7,89714.25,NULL,NULL,NULL
11068000,"Project Helios","Ivan Božić",NULL,unknown,closed,2008-05-22,22,5,2008,2,Thursday,89672.30,3736.35,6,89672.30,NULL,NULL,NULL
11069000,"Project Orion","Marko Vuković",NULL,unknown,closed,2008-05-22,22,5,2008,2,Thursday,89670.62,3736.28,6,89670.62,NULL,NULL,NULL
11071000,"Project Orion","Marko Vuković",NULL,unknown,closed,2008-05-25,25,5,2008,2,Sunday,89602.50,3733.44,6,89602.50,NULL,NULL,NULL
11072000,"Project Aurora","Petra Novak",NULL,unknown,closed,2008-05-25,25,5,2008,2,Sunday,89597.21,3733.22,9,89597.21,NULL,NULL,NULL
11073000,"Project Helios","Ivan Božić",NULL,unknown,closed,2008-05-25,25,5,2008,2,Sunday,89595.69,3733.15,5,89595.69,NULL,NULL,NULL
11075000,"Project Eclipse","Josip Vuković",NULL,unknown,closed,2008-05-25,25,5,2008,2,Sunday,89594.44,3733.10,5,89594.44,NULL,NULL,NULL
11077000,"Project Phoenix","Ivana Novak",NULL,unknown,closed,2008-05-26,26,5,2008,2,Monday,89455.13,3727.30,8,89455.13,NULL,NULL,NULL
11078000,"Project Orion","Marko Vuković",NULL,unknown,closed,2008-05-26,26,5,2008,2,Monday,89576.61,3732.36,5,89576.61,NULL,NULL,NULL
11079000,"Project Quantum","Marko Knežević",NULL,unknown,closed,2008-05-26,26,5,2008,2,Monday,89449.54,3727.06,8,89449.54,NULL,NULL,NULL
11081000,"Project Nova","Ana Božić",NULL,unknown,closed,2008-05-27,27,5,2008,2,Tuesday,89429.23,3726.22,11,89429.23,NULL,NULL,NULL
11082000,"Project Nova","Ana Božić",NULL,unknown,closed,2008-05-27,27,5,2008,2,Tuesday,89429.24,3726.22,3,89429.24,NULL,NULL,NULL
11083000,"Project Zenith","Ivan Vuković",NULL,unknown,closed,2008-05-28,28,5,2008,2,Wednesday,89529.48,3730.40,30,89529.48,NULL,NULL,NULL
11085000,"Project Eclipse","Katarina Kovačić",NULL,unknown,closed,2008-05-28,28,5,2008,2,Wednesday,89405.43,3725.23,41,89405.43,NULL,NULL,NULL
11086000,"Project Nova","Petra Jurić",NULL,unknown,closed,2008-05-28,28,5,2008,2,Wednesday,89527.47,3730.31,5,89527.47,NULL,NULL,NULL
11087000,"Project Solaris","Maja Knežević",NULL,unknown,closed,2008-05-28,28,5,2008,2,Wednesday,89523.68,3730.15,7,89523.68,NULL,NULL,NULL
11088000,"Project Orion","Marko Vuković",NULL,unknown,closed,2008-05-29,29,5,2008,2,Thursday,89506.54,3729.44,7,89506.54,NULL,NULL,NULL
11093000,"Project Helios","Ivan Božić",NULL,unknown,closed,2008-06-01,1,6,2008,2,Sunday,89431.75,3726.32,6,89431.75,NULL,NULL,NULL
11094000,"Project Vega","Petar Knežević",NULL,unknown,closed,2008-06-01,1,6,2008,2,Sunday,89308.79,3721.20,12,89308.79,NULL,NULL,NULL
11096000,"Project Eclipse","Katarina Kovačić",NULL,unknown,closed,2008-06-01,1,6,2008,2,Sunday,89307.80,3721.16,13,89307.80,NULL,NULL,NULL
11097000,"Project Vega","Marko Kovačić",NULL,unknown,closed,2008-06-01,1,6,2008,2,Sunday,89307.58,3721.15,15,89307.58,NULL,NULL,NULL
11098000,"Project Orion","Marko Vuković",NULL,unknown,closed,2008-06-01,1,6,2008,2,Sunday,89427.76,3726.16,7,89427.76,NULL,NULL,NULL
11099000,"Project Nova","Petra Jurić",NULL,unknown,closed,2008-06-01,1,6,2008,2,Sunday,89427.51,3726.15,8,89427.51,NULL,NULL,NULL
11100000,"Project Zenith","Ivan Vuković",NULL,unknown,closed,2008-06-01,1,6,2008,2,Sunday,89426.56,3726.11,6,89426.56,NULL,NULL,NULL
11101000,"Project Horizon","Marko Božić",NULL,unknown,closed,2008-06-01,1,6,2008,2,Sunday,89425.87,3726.08,9,89425.87,NULL,NULL,NULL
11102000,"Project Nova","Petra Jurić",NULL,unknown,closed,2008-06-01,1,6,2008,2,Sunday,89424.39,3726.02,7,89424.39,NULL,NULL,NULL
11103000,"Project Solaris","Maja Knežević",NULL,unknown,closed,2008-06-02,2,6,2008,2,Monday,89411.09,3725.46,8,89411.09,NULL,NULL,NULL
11105000,"Project Nova","Petra Jurić",NULL,unknown,closed,2008-06-02,2,6,2008,2,Monday,89409.75,3725.41,5,89409.75,NULL,NULL,NULL
11106000,"Project Zenith","Ivan Vuković",NULL,unknown,closed,2008-06-02,2,6,2008,2,Monday,89405.21,3725.22,6,89405.21,NULL,NULL,NULL
11109000,"Project Nova","Ana Božić",NULL,unknown,closed,2008-06-03,3,6,2008,2,Tuesday,89259.76,3719.16,22,89259.76,NULL,NULL,NULL
11111000,"Project Nova","Ana Božić",NULL,unknown,closed,2008-06-04,4,6,2008,2,Wednesday,89209.88,3717.08,10,89209.85,0.01,0.01,NULL
11113000,"Project Solaris","Josip Horvat",NULL,unknown,closed,2008-06-04,4,6,2008,2,Wednesday,89238.50,3718.27,18,89238.50,NULL,NULL,NULL
11114000,"Project Solaris","Josip Horvat",NULL,unknown,closed,2008-06-04,4,6,2008,2,Wednesday,89238.45,3718.27,28,89238.45,NULL,NULL,NULL
11115000,"Project Solaris","Maja Knežević",NULL,unknown,closed,2008-06-04,4,6,2008,2,Wednesday,89360.64,3723.36,15,89360.64,NULL,NULL,NULL
11116000,"Project Eclipse","Josip Vuković",NULL,unknown,closed,2008-06-04,4,6,2008,2,Wednesday,89360.09,3723.34,5,89360.09,NULL,NULL,NULL
11118000,"Project Horizon","Katarina Kovačić",NULL,unknown,closed,2008-06-04,4,6,2008,2,Wednesday,89233.83,3718.08,8,89233.83,NULL,NULL,NULL
11119000,"Project Zenith","Ivan Vuković",NULL,unknown,closed,2008-06-05,5,6,2008,2,Thursday,89338.35,3722.43,8,89338.35,NULL,NULL,NULL
11120000,"Project Aurora","Petra Novak",NULL,unknown,closed,2008-06-05,5,6,2008,2,Thursday,89338.24,3722.43,10,89338.24,NULL,NULL,NULL
11124000,"Project Eclipse","Josip Vuković",NULL,unknown,closed,2008-06-05,5,6,2008,2,Thursday,89333.95,3722.25,4,89333.95,NULL,NULL,NULL
11125000,"Project Eclipse","Josip Vuković",NULL,unknown,closed,2008-06-05,5,6,2008,2,Thursday,89333.78,3722.24,8,89333.78,NULL,NULL,NULL
11126000,"Project Solaris","Ivan Vuković",NULL,unknown,closed,2008-06-05,5,6,2008,2,Thursday,89333.19,3722.22,6,89333.19,NULL,NULL,NULL
11127000,"Project Atlas","Katarina Kovačić",NULL,unknown,closed,2008-06-08,8,6,2008,2,Sunday,89140.06,3714.17,18,89140.06,NULL,NULL,NULL
11128000,"Project Horizon","Marko Božić",NULL,unknown,closed,2008-06-08,8,6,2008,2,Sunday,89258.26,3719.09,4,89258.26,NULL,NULL,NULL
11129000,"Project Horizon","Marko Božić",NULL,unknown,closed,2008-06-08,8,6,2008,2,Sunday,89257.89,3719.08,5,89257.89,NULL,NULL,NULL
11131000,"Project Zenith","Ivana Horvat",NULL,unknown,closed,2008-06-09,9,6,2008,2,Monday,89112.99,3713.04,20,89112.99,NULL,NULL,NULL
11133000,"Project Apollo","Ivana Babić",NULL,unknown,closed,2008-06-09,9,6,2008,2,Monday,89238.23,3718.26,9,89238.23,NULL,NULL,NULL
11134000,"Project Phoenix","Petar Marić",NULL,unknown,closed,2008-06-09,9,6,2008,2,Monday,89114.29,3713.10,6,89114.29,NULL,NULL,NULL
11135000,"Project Apollo","Katarina Božić",NULL,unknown,closed,2008-06-10,10,6,2008,2,Tuesday,89095.25,3712.30,6,89095.25,NULL,NULL,NULL
11137000,"Project Eclipse","Katarina Kovačić",NULL,unknown,closed,2008-06-10,10,6,2008,2,Tuesday,89091.57,3712.15,2,89091.57,NULL,NULL,NULL
11138000,"Project Eclipse","Katarina Kovačić",NULL,unknown,closed,2008-06-10,10,6,2008,2,Tuesday,89091.57,3712.15,2,89091.57,NULL,NULL,NULL
11140000,"Project Eclipse","Katarina Kovačić",NULL,unknown,closed,2008-06-10,10,6,2008,2,Tuesday,89089.20,3712.05,9,89089.20,NULL,NULL,NULL
11141000,"Project Solaris","Maja Knežević",NULL,unknown,closed,2008-06-10,10,6,2008,2,Tuesday,89211.02,3717.13,7,89211.02,NULL,NULL,NULL
11142000,"Project Helios","Ivan Božić",NULL,unknown,closed,2008-06-11,11,6,2008,2,Wednesday,89190.87,3716.29,5,89190.87,NULL,NULL,NULL
11143000,"Project Solaris","Josip Horvat",NULL,unknown,closed,2008-06-11,11,6,2008,2,Wednesday,89065.80,3711.08,13,89065.80,NULL,NULL,NULL
11146000,"Project Eclipse","Josip Vuković",NULL,unknown,closed,2008-06-12,12,6,2008,2,Thursday,89168.95,3715.37,6,89168.95,NULL,NULL,NULL
11147000,"Project Solaris","Maja Knežević",NULL,unknown,closed,2008-06-12,12,6,2008,2,Thursday,89168.81,3715.37,11,89168.81,NULL,NULL,NULL
11150000,"Project Orion","Marko Vuković",NULL,unknown,closed,2008-06-15,15,6,2008,2,Sunday,89098.42,3712.43,5,89098.42,NULL,NULL,NULL
11151000,"Project Aurora","Petra Novak",NULL,unknown,closed,2008-06-15,15,6,2008,2,Sunday,89097.91,3712.41,4,89097.91,NULL,NULL,NULL
11153000,"Project Nova","Petra Jurić",NULL,unknown,closed,2008-06-15,15,6,2008,2,Sunday,89091.61,3712.15,8,89091.61,NULL,NULL,NULL
11154000,"Project Phoenix","Petra Pavlović",NULL,unknown,closed,2008-06-15,15,6,2008,2,Sunday,88965.90,3706.91,6,88965.90,NULL,NULL,NULL
11155000,"Project Aurora","Petra Novak",NULL,unknown,closed,2008-06-16,16,6,2008,2,Monday,89074.24,3711.43,5,89074.24,NULL,NULL,NULL
11156000,"Project Atlas","Katarina Kovačić",NULL,unknown,closed,2008-06-16,16,6,2008,2,Monday,88950.28,3706.26,11,88950.28,NULL,NULL,NULL
11157000,"Project Orion","Luka Knežević",NULL,unknown,closed,2008-06-16,16,6,2008,2,Monday,89070.21,3711.26,7,89070.21,NULL,NULL,NULL
11158000,"Project Aurora","Petra Novak",NULL,unknown,closed,2008-06-17,17,6,2008,2,Tuesday,89049.30,3710.39,7,89049.30,NULL,NULL,NULL
11159000,"Project Orion","Marko Novak",NULL,unknown,closed,2008-06-17,17,6,2008,2,Tuesday,88925.82,3705.24,11,88925.82,NULL,NULL,NULL
11160000,"Project Horizon","Katarina Kovačić",NULL,unknown,closed,2008-06-17,17,6,2008,2,Tuesday,88925.11,3705.21,6,88925.11,NULL,NULL,NULL
11161000,"Project Nova","Marko Knežević",NULL,unknown,closed,2008-06-17,17,6,2008,2,Tuesday,89046.36,3710.27,6,89046.36,NULL,NULL,NULL
11162000,"Project Orion","Marko Vuković",NULL,unknown,closed,2008-06-17,17,6,2008,2,Tuesday,89045.37,3710.22,5,89045.37,NULL,NULL,NULL
11163000,"Project Orion","Marko Novak",NULL,unknown,closed,2008-06-18,18,6,2008,2,Wednesday,88901.59,3704.23,18,88901.59,NULL,NULL,NULL
11165000,"Project Zenith","Ivan Vuković",NULL,unknown,closed,2008-06-18,18,6,2008,2,Wednesday,89022.99,3709.29,6,89022.99,NULL,NULL,NULL
11166000,"Project Apollo","Maja Vuković",NULL,unknown,closed,2008-06-18,18,6,2008,2,Wednesday,88870.00,3702.92,6,88869.88,0.03,0.04,NULL
11168000,"Project Apollo","Maja Vuković",NULL,unknown,closed,2008-06-18,18,6,2008,2,Wednesday,88869.96,3702.92,5,88869.84,0.03,0.03,NULL
11169000,"Project Apollo","Maja Vuković",NULL,unknown,closed,2008-06-18,18,6,2008,2,Wednesday,88869.10,3702.88,5,88868.98,0.03,0.04,NULL
11170000,"Project Apollo","Maja Vuković",NULL,unknown,closed,2008-06-18,18,6,2008,2,Wednesday,88869.05,3702.88,5,88868.93,0.03,0.03,NULL
11171000,"Project Apollo","Maja Vuković",NULL,unknown,closed,2008-06-18,18,6,2008,2,Wednesday,88869.03,3702.88,9,88868.90,0.03,0.03,NULL
11172000,"Project Apollo","Maja Vuković",NULL,unknown,closed,2008-06-18,18,6,2008,2,Wednesday,88868.99,3702.87,9,88868.87,0.03,0.03,NULL
11173000,"Project Orion","Marko Novak",NULL,unknown,closed,2008-06-18,18,6,2008,2,Wednesday,88898.74,3704.11,9,88898.74,NULL,NULL,NULL
11174000,"Project Apollo","Maja Vuković",NULL,unknown,closed,2008-06-18,18,6,2008,2,Wednesday,88868.40,3702.85,6,88868.29,0.03,0.03,NULL
11175000,"Project Solaris","Maja Knežević",NULL,unknown,closed,2008-06-19,19,6,2008,2,Thursday,89001.13,3708.38,8,89001.13,NULL,NULL,NULL
11176000,"Project Solaris","Maja Knežević",NULL,unknown,closed,2008-06-19,19,6,2008,2,Thursday,89000.40,3708.35,9,89000.40,NULL,NULL,NULL
11177000,"Project Apollo","Ivana Babić",NULL,unknown,closed,2008-06-19,19,6,2008,2,Thursday,88996.18,3708.17,5,88996.18,NULL,NULL,NULL
11178000,"Project Phoenix","Petra Pavlović",NULL,unknown,closed,2008-06-22,22,6,2008,2,Sunday,88806.67,3700.28,9,88806.67,NULL,NULL,NULL
11179000,"Project Aurora","Petra Novak",NULL,unknown,closed,2008-06-22,22,6,2008,2,Sunday,88929.51,3705.40,6,88929.51,NULL,NULL,NULL
11180000,"Project Vega","Marko Kovačić",NULL,unknown,closed,2008-06-22,22,6,2008,2,Sunday,88806.29,3700.26,16,88806.29,NULL,NULL,NULL
11181000,"Project Nova","Ana Božić",NULL,unknown,closed,2008-06-22,22,6,2008,2,Sunday,88805.71,3700.24,12,88805.71,NULL,NULL,NULL
11182000,"Project Nova","Ana Božić",NULL,unknown,closed,2008-06-22,22,6,2008,2,Sunday,88805.82,3700.24,2,88805.82,NULL,NULL,NULL
11183000,"Project Vega","Marko Kovačić",NULL,unknown,closed,2008-06-22,22,6,2008,2,Sunday,88806.02,3700.25,2,88806.02,NULL,NULL,NULL
11184000,"Project Phoenix","Petra Pavlović",NULL,unknown,closed,2008-06-22,22,6,2008,2,Sunday,88800.86,3700.04,7,88800.86,NULL,NULL,NULL
11186000,"Project Phoenix","Petra Pavlović",NULL,unknown,closed,2008-06-22,22,6,2008,2,Sunday,88797.27,3699.89,7,88797.27,NULL,NULL,NULL
11188000,"Project Phoenix","Petra Pavlović",NULL,unknown,closed,2008-06-23,23,6,2008,2,Monday,88778.05,3699.09,6,88778.05,NULL,NULL,NULL
11189000,"Project Phoenix","Petra Pavlović",NULL,unknown,closed,2008-06-24,24,6,2008,2,Tuesday,88759.25,3698.30,8,88759.25,NULL,NULL,NULL
11190000,"Project Vega","Marko Kovačić",NULL,unknown,closed,2008-06-24,24,6,2008,2,Tuesday,88757.37,3698.22,28,88757.37,NULL,NULL,NULL
11191000,"Project Nexus","Petar Babić",NULL,unknown,closed,2008-06-24,24,6,2008,2,Tuesday,88756.15,3698.17,5,88756.15,NULL,NULL,NULL
11192000,"Project Phoenix","Ivana Novak",NULL,unknown,closed,2008-06-24,24,6,2008,2,Tuesday,88756.07,3698.17,35,88756.07,NULL,NULL,NULL
11193000,"Project Zenith","Ivan Vuković",NULL,unknown,closed,2008-06-24,24,6,2008,2,Tuesday,88876.80,3703.20,5,88876.80,NULL,NULL,NULL
11194000,"Project Eclipse","Josip Vuković",NULL,unknown,closed,2008-06-24,24,6,2008,2,Tuesday,88874.98,3703.12,6,88874.98,NULL,NULL,NULL
11195000,"Project Phoenix","Petar Marić",NULL,unknown,closed,2008-06-25,25,6,2008,2,Wednesday,88731.71,3697.15,7,88731.71,NULL,NULL,NULL
11196000,"Project Eclipse","Katarina Kovačić",NULL,unknown,closed,2008-06-26,26,6,2008,2,Thursday,88710.39,3696.27,47,88710.39,NULL,NULL,NULL
11197000,"Project Nova","Ana Božić",NULL,unknown,closed,2008-06-28,28,6,2008,2,Saturday,88662.30,3694.26,2,88662.30,NULL,NULL,NULL
11198000,"Project Nova","Ana Božić",NULL,unknown,closed,2008-06-28,28,6,2008,2,Saturday,88662.16,3694.26,21,88662.16,NULL,NULL,NULL
11199000,"Project Zenith","Ana Pavlović",NULL,unknown,closed,2008-06-29,29,6,2008,2,Sunday,88635.93,3693.16,7,88635.93,NULL,NULL,NULL
11200000,"Project Vega","Marko Kovačić",NULL,unknown,closed,2008-06-29,29,6,2008,2,Sunday,88634.89,3693.12,5,88634.89,NULL,NULL,NULL
11201000,"Project Horizon","Katarina Kovačić",NULL,unknown,closed,2008-06-30,30,6,2008,2,Monday,88614.34,3692.26,11,88614.34,NULL,NULL,NULL
11202000,"Project Vega","Marko Kovačić",NULL,unknown,closed,2008-06-30,30,6,2008,2,Monday,88614.02,3692.25,6,88614.02,NULL,NULL,NULL
11203000,"Project Solaris","Josip Horvat",NULL,unknown,closed,2008-06-30,30,6,2008,2,Monday,88609.68,3692.07,12,88609.68,NULL,NULL,NULL
11204000,"Project Apollo","Katarina Božić",NULL,unknown,closed,2008-06-30,30,6,2008,2,Monday,88609.74,3692.07,8,88609.74,NULL,NULL,NULL
11205000,"Project Apollo","Ivana Babić",NULL,unknown,closed,2008-06-30,30,6,2008,2,Monday,88731.88,3697.16,4,88731.88,NULL,NULL,NULL
11206000,"Project Nova","Ana Marić",NULL,unknown,closed,2008-06-30,30,6,2008,2,Monday,88600.47,3691.69,10,88600.47,NULL,NULL,NULL
11207000,"Project Phoenix","Petra Pavlović",NULL,unknown,closed,2008-07-01,1,7,2008,3,Tuesday,88589.32,3691.22,5,88589.32,NULL,NULL,NULL
11208000,"Project Apollo","Maja Vuković",NULL,unknown,closed,2008-07-01,1,7,2008,3,Tuesday,88557.99,3689.92,7,88557.88,0.03,0.03,NULL
11209000,"Project Apollo","Maja Vuković",NULL,unknown,closed,2008-07-01,1,7,2008,3,Tuesday,88557.03,3689.88,7,88556.91,0.02,0.03,NULL
11210000,"Project Phoenix","Petra Pavlović",NULL,unknown,closed,2008-07-01,1,7,2008,3,Tuesday,88585.12,3691.05,17,88585.12,NULL,NULL,NULL
11211000,"Project Phoenix","Petra Pavlović",NULL,unknown,closed,2008-07-01,1,7,2008,3,Tuesday,88584.83,3691.03,9,88584.83,NULL,NULL,NULL
11213000,"Project Orion","Luka Knežević",NULL,unknown,closed,2008-07-01,1,7,2008,3,Tuesday,88704.33,3696.01,9,88704.33,NULL,NULL,NULL
11214000,"Project Nova","Petra Jurić",NULL,unknown,closed,2008-07-01,1,7,2008,3,Tuesday,88703.64,3695.99,10,88703.64,NULL,NULL,NULL
11215000,"Project Apollo","Maja Vuković",NULL,unknown,closed,2008-07-02,2,7,2008,3,Wednesday,88538.78,3689.12,6,88538.67,0.03,0.04,NULL
11216000,"Project Nova","Ana Božić",NULL,unknown,closed,2008-07-02,2,7,2008,3,Wednesday,88567.26,3690.30,10,88567.26,NULL,NULL,NULL
11219000,"Project Apollo","Maja Vuković",NULL,unknown,closed,2008-07-02,2,7,2008,3,Wednesday,88533.80,3688.91,6,88533.69,0.03,0.03,NULL
11220000,"Project Nova","Marko Knežević",NULL,unknown,closed,2008-07-02,2,7,2008,3,Wednesday,88684.96,3695.21,6,88684.96,NULL,NULL,NULL
11221000,"Project Apollo","Ivana Babić",NULL,unknown,closed,2008-07-02,2,7,2008,3,Wednesday,88684.45,3695.19,5,88684.45,NULL,NULL,NULL
11222000,"Project Apollo","Maja Vuković",NULL,unknown,closed,2008-07-03,3,7,2008,3,Thursday,88514.24,3688.09,10,88514.12,0.03,0.03,NULL
11224000,"Project Apollo","Maja Vuković",NULL,unknown,closed,2008-07-03,3,7,2008,3,Thursday,88513.76,3688.07,13,88513.64,0.03,0.04,NULL
11225000,"Project Apollo","Maja Vuković",NULL,unknown,closed,2008-07-03,3,7,2008,3,Thursday,88513.66,3688.07,5,88513.54,0.03,0.04,NULL
11226000,"Project Apollo","Maja Vuković",NULL,unknown,closed,2008-07-03,3,7,2008,3,Thursday,88512.45,3688.02,5,88512.34,0.03,0.03,NULL
11229000,"Project Apollo","Maja Vuković",NULL,unknown,closed,2008-07-03,3,7,2008,3,Thursday,88509.37,3687.89,6,88509.25,0.03,0.03,NULL
11230000,"Project Nova","Petra Jurić",NULL,unknown,closed,2008-07-03,3,7,2008,3,Thursday,88661.65,3694.24,5,88661.65,NULL,NULL,NULL
11231000,"Project Orion","Marko Novak",NULL,unknown,closed,2008-07-05,5,7,2008,3,Saturday,88491.70,3687.15,12,88491.70,NULL,NULL,NULL
11232000,"Project Atlas","Katarina Kovačić",NULL,unknown,closed,2008-07-06,6,7,2008,3,Sunday,88471.01,3686.29,18,88471.01,NULL,NULL,NULL
11233000,"Project Phoenix","Josip Božić",NULL,unknown,closed,2008-07-06,6,7,2008,3,Sunday,88466.66,3686.11,15,88466.66,NULL,NULL,NULL
11235000,"Project Zenith","Ivan Vuković",NULL,unknown,closed,2008-07-06,6,7,2008,3,Sunday,88590.88,3691.29,7,88590.88,NULL,NULL,NULL
11236000,"Project Vega","Marko Kovačić",NULL,unknown,closed,2008-07-06,6,7,2008,3,Sunday,88464.22,3686.01,13,88464.22,NULL,NULL,NULL
11237000,"Project Phoenix","Petra Pavlović",NULL,unknown,closed,2008-07-06,6,7,2008,3,Sunday,88463.89,3686.00,6,88463.89,NULL,NULL,NULL
11238000,"Project Nova","Petra Jurić",NULL,unknown,closed,2008-07-06,6,7,2008,3,Sunday,88587.13,3691.13,7,88587.13,NULL,NULL,NULL
11239000,"Project Eclipse","Petra Jurić",NULL,unknown,closed,2008-07-06,6,7,2008,3,Sunday,88585.38,3691.06,5,88585.38,NULL,NULL,NULL
11240000,"Project Solaris","Maja Knežević",NULL,unknown,closed,2008-07-07,7,7,2008,3,Monday,88569.74,3690.41,6,88569.74,NULL,NULL,NULL
11241000,"Project Nova","Petra Jurić",NULL,unknown,closed,2008-07-07,7,7,2008,3,Monday,88569.59,3690.40,12,88569.59,NULL,NULL,NULL
11242000,"Project Phoenix","Petra Pavlović",NULL,unknown,closed,2008-07-07,7,7,2008,3,Monday,88445.18,3685.22,21,88445.18,NULL,NULL,NULL
11243000,"Project Phoenix","Petra Pavlović",NULL,unknown,closed,2008-07-07,7,7,2008,3,Monday,88444.54,3685.19,17,88444.54,NULL,NULL,NULL
11245000,"Project Apollo","Ivana Babić",NULL,unknown,closed,2008-07-07,7,7,2008,3,Monday,88564.09,3690.17,4,88564.09,NULL,NULL,NULL
11246000,"Project Apollo","Ivana Babić",NULL,unknown,closed,2008-07-07,7,7,2008,3,Monday,88563.94,3690.16,6,88563.94,NULL,NULL,NULL
11247000,"Project Zenith","Ivana Horvat",NULL,unknown,closed,2008-07-07,7,7,2008,3,Monday,88440.56,3685.02,15,88440.56,NULL,NULL,NULL
11248000,"Project Atlas","Katarina Kovačić",NULL,unknown,closed,2008-07-07,7,7,2008,3,Monday,88438.95,3684.96,19,88438.95,NULL,NULL,NULL
11249000,"Project Phoenix","Josip Božić",NULL,unknown,closed,2008-07-08,8,7,2008,3,Tuesday,88419.65,3684.15,4,88419.65,NULL,NULL,NULL
11250000,"Project Eclipse","Josip Vuković",NULL,unknown,closed,2008-07-08,8,7,2008,3,Tuesday,88545.02,3689.38,5,88545.02,NULL,NULL,NULL
11252000,"Project Apollo","Ivana Babić",NULL,unknown,closed,2008-07-08,8,7,2008,3,Tuesday,88543.67,3689.32,5,88543.67,NULL,NULL,NULL
11255000,"Project Zenith","Ivan Vuković",NULL,unknown,closed,2008-07-09,9,7,2008,3,Wednesday,88521.21,3688.38,6,88521.21,NULL,NULL,NULL
11256000,"Project Zenith","Ivan Vuković",NULL,unknown,closed,2008-07-09,9,7,2008,3,Wednesday,88520.59,3688.36,5,88520.59,NULL,NULL,NULL
11257000,"Project Phoenix","Petra Pavlović",NULL,unknown,closed,2008-07-09,9,7,2008,3,Wednesday,88396.26,3683.18,22,88396.26,NULL,NULL,NULL
11259000,"Project Eclipse","Petra Jurić",NULL,unknown,closed,2008-07-09,9,7,2008,3,Wednesday,88516.65,3688.19,6,88516.65,NULL,NULL,NULL
11260000,"Project Zenith","Ivan Vuković",NULL,unknown,closed,2008-07-10,10,7,2008,3,Thursday,88497.54,3687.40,6,88497.54,NULL,NULL,NULL
11261000,"Project Phoenix","Petra Pavlović",NULL,unknown,closed,2008-07-10,10,7,2008,3,Thursday,88373.36,3682.22,21,88373.36,NULL,NULL,NULL
11262000,"Project Eclipse","Josip Vuković",NULL,unknown,closed,2008-07-10,10,7,2008,3,Thursday,88493.77,3687.24,6,88493.77,NULL,NULL,NULL
11263000,"Project Eclipse","Josip Vuković",NULL,unknown,closed,2008-07-10,10,7,2008,3,Thursday,88493.61,3687.23,5,88493.61,NULL,NULL,NULL
11264000,"Project Orion","Marko Novak",NULL,unknown,closed,2008-07-10,10,7,2008,3,Thursday,88363.35,3681.81,5,88363.35,NULL,NULL,NULL
11265000,"Project Orion","Luka Knežević",NULL,unknown,closed,2008-07-13,13,7,2008,3,Sunday,88426.52,3684.44,7,88426.52,NULL,NULL,NULL
11266000,"Project Orion","Luka Knežević",NULL,unknown,closed,2008-07-13,13,7,2008,3,Sunday,88426.34,3684.43,7,88426.34,NULL,NULL,NULL
11269000,"Project Phoenix","Petra Pavlović",NULL,unknown,closed,2008-07-13,13,7,2008,3,Sunday,88302.03,3679.25,17,88302.03,NULL,NULL,NULL
11270000,"Project Phoenix","Josip Božić",NULL,unknown,closed,2008-07-14,14,7,2008,3,Monday,88271.58,3677.98,6,88271.58,NULL,NULL,NULL
11272000,"Project Nova","Petra Jurić",NULL,unknown,closed,2008-07-14,14,7,2008,3,Monday,88394.05,3683.09,6,88394.05,NULL,NULL,NULL
11273000,"Project Nova","Petra Jurić",NULL,unknown,closed,2008-07-14,14,7,2008,3,Monday,88393.59,3683.07,5,88393.59,NULL,NULL,NULL
11274000,"Project Apollo","Petar Kovačić",NULL,unknown,closed,2008-07-15,15,7,2008,3,Tuesday,88252.44,3677.19,11,88252.44,NULL,NULL,NULL
11276000,"Project Vega","Marko Kovačić",NULL,unknown,closed,2008-07-15,15,7,2008,3,Tuesday,88249.72,3677.07,19,88249.72,NULL,NULL,NULL
11277000,"Project Titan","Josip Novak",NULL,unknown,closed,2008-07-15,15,7,2008,3,Tuesday,88370.90,3682.12,9,88370.90,NULL,NULL,NULL
11278000,"Project Zenith","Josip Pavlović",NULL,unknown,closed,2008-07-15,15,7,2008,3,Tuesday,88239.36,3676.64,21,88239.36,NULL,NULL,NULL
11279000,"Project Orion","Petra Knežević",NULL,unknown,closed,2008-07-16,16,7,2008,3,Wednesday,88354.16,3681.42,6,88354.16,NULL,NULL,NULL
11280000,"Project Nova","Marko Knežević",NULL,unknown,closed,2008-07-16,16,7,2008,3,Wednesday,88352.49,3681.35,6,88352.49,NULL,NULL,NULL
11281000,"Project Vega","Marko Kovačić",NULL,unknown,closed,2008-07-16,16,7,2008,3,Wednesday,88229.18,3676.22,8,88229.18,NULL,NULL,NULL
11283000,"Project Zenith","Josip Pavlović",NULL,unknown,closed,2008-07-16,16,7,2008,3,Wednesday,88223.05,3675.96,22,88223.05,NULL,NULL,NULL
11285000,"Project Nova","Petra Jurić",NULL,unknown,closed,2008-07-17,17,7,2008,3,Thursday,88328.16,3680.34,3,88328.16,NULL,NULL,NULL
11288000,"Project Nova","Ana Božić",NULL,unknown,closed,2008-07-20,20,7,2008,3,Sunday,88135.13,3672.30,20,88135.13,NULL,NULL,NULL
11290000,"Project Vega","Petra Novak",NULL,unknown,closed,2008-07-20,20,7,2008,3,Sunday,88133.50,3672.23,13,88133.50,NULL,NULL,NULL
11291000,"Project Apollo","Petar Kovačić",NULL,unknown,closed,2008-07-20,20,7,2008,3,Sunday,88133.12,3672.21,6,88133.12,NULL,NULL,NULL
11293000,"Project Phoenix","Josip Božić",NULL,unknown,closed,2008-07-20,20,7,2008,3,Sunday,88127.16,3671.97,3,88127.16,NULL,NULL,NULL
11294000,"Project Nexus","Luka Vuković",NULL,unknown,closed,2008-07-20,20,7,2008,3,Sunday,88253.66,3677.24,9,88253.66,NULL,NULL,NULL
11295000,"Project Nexus","Luka Vuković",NULL,unknown,closed,2008-07-20,20,7,2008,3,Sunday,88253.65,3677.24,7,88253.65,NULL,NULL,NULL
11296000,"Project Vega","Petra Novak",NULL,unknown,closed,2008-07-21,21,7,2008,3,Monday,88110.63,3671.28,14,88110.63,NULL,NULL,NULL
11297000,"Project Nexus","Luka Vuković",NULL,unknown,closed,2008-07-21,21,7,2008,3,Monday,88233.10,3676.38,9,88233.10,NULL,NULL,NULL
11298000,"Project Vega","Petra Novak",NULL,unknown,closed,2008-07-21,21,7,2008,3,Monday,88105.52,3671.06,5,88105.52,NULL,NULL,NULL
11299000,"Project Nexus","Luka Vuković",NULL,unknown,closed,2008-07-22,22,7,2008,3,Tuesday,88209.08,3675.38,6,88209.08,NULL,NULL,NULL
11300000,"Project Nexus","Luka Vuković",NULL,unknown,closed,2008-07-22,22,7,2008,3,Tuesday,88209.08,3675.38,5,88209.08,NULL,NULL,NULL
11301000,"Project Solaris","Josip Horvat",NULL,unknown,closed,2008-07-22,22,7,2008,3,Tuesday,88085.86,3670.24,13,88085.86,NULL,NULL,NULL
11302000,"Project Apollo","Ivana Babić",NULL,unknown,closed,2008-07-22,22,7,2008,3,Tuesday,88204.20,3675.18,6,88204.20,NULL,NULL,NULL
11303000,"Project Apollo","Petar Kovačić",NULL,unknown,closed,2008-07-23,23,7,2008,3,Wednesday,88063.07,3669.29,4,88063.07,NULL,NULL,NULL
11304000,"Project Zenith","Ivan Vuković",NULL,unknown,closed,2008-07-23,23,7,2008,3,Wednesday,88182.58,3674.27,6,88182.58,NULL,NULL,NULL
11305000,"Project Nova","Petra Jurić",NULL,unknown,closed,2008-07-23,23,7,2008,3,Wednesday,88182.27,3674.26,3,88182.27,NULL,NULL,NULL
11306000,"Project Horizon","Marko Božić",NULL,unknown,closed,2008-07-23,23,7,2008,3,Wednesday,88182.25,3674.26,3,88182.25,NULL,NULL,NULL
11307000,"Project Phoenix","Petra Pavlović",NULL,unknown,closed,2008-07-23,23,7,2008,3,Wednesday,88058.55,3669.11,9,88058.55,NULL,NULL,NULL
11308000,"Project Aurora","Petra Novak",NULL,unknown,closed,2008-07-23,23,7,2008,3,Wednesday,88180.75,3674.20,7,88180.75,NULL,NULL,NULL
11309000,"Project Phoenix","Petra Pavlović",NULL,unknown,closed,2008-07-23,23,7,2008,3,Wednesday,88056.89,3669.04,8,88056.89,NULL,NULL,NULL
11310000,"Project Phoenix","Petra Pavlović",NULL,unknown,closed,2008-07-23,23,7,2008,3,Wednesday,88056.72,3669.03,7,88056.72,NULL,NULL,NULL
11311000,"Project Apollo","Petar Kovačić",NULL,unknown,closed,2008-07-24,24,7,2008,3,Thursday,88039.52,3668.31,8,88039.52,NULL,NULL,NULL
11312000,"Project Orion","Marko Novak",NULL,unknown,closed,2008-07-24,24,7,2008,3,Thursday,88036.28,3668.18,8,88036.28,NULL,NULL,NULL
11313000,"Project Phoenix","Petra Pavlović",NULL,unknown,closed,2008-07-24,24,7,2008,3,Thursday,88035.30,3668.14,9,88035.30,NULL,NULL,NULL
11314000,"Project Horizon","Marko Božić",NULL,unknown,closed,2008-07-24,24,7,2008,3,Thursday,88158.38,3673.27,7,88158.38,NULL,NULL,NULL
11316000,"Project Nova","Ana Božić",NULL,unknown,closed,2008-07-24,24,7,2008,3,Thursday,88030.72,3667.95,14,88030.72,NULL,NULL,NULL
11318000,"Project Nova","Petra Jurić",NULL,unknown,closed,2008-07-27,27,7,2008,3,Sunday,88086.74,3670.28,5,88086.74,NULL,NULL,NULL
11322000,"Project Zenith","Josip Pavlović",NULL,unknown,closed,2008-07-28,28,7,2008,3,Monday,87937.44,3664.06,14,87937.44,NULL,NULL,NULL
11324000,"Project Vega","Petra Novak",NULL,unknown,closed,2008-07-28,28,7,2008,3,Monday,87939.39,3664.14,5,87939.39,NULL,NULL,NULL
11326000,"Project Eclipse","Katarina Kovačić",NULL,unknown,closed,2008-07-28,28,7,2008,3,Monday,87936.87,3664.04,12,87936.87,NULL,NULL,NULL
11328000,"Project Phoenix","Ivan Vuković",NULL,unknown,closed,2008-07-29,29,7,2008,3,Tuesday,87918.62,3663.28,8,87918.62,NULL,NULL,NULL
11329000,"Project Apollo","Petar Božić",NULL,unknown,closed,2008-07-29,29,7,2008,3,Tuesday,87917.77,3663.24,8,87917.77,NULL,NULL,NULL
11330000,"Project Eclipse","Katarina Kovačić",NULL,unknown,closed,2008-07-29,29,7,2008,3,Tuesday,87914.25,3663.09,6,87914.25,NULL,NULL,NULL
11331000,"Project Vega","Marko Kovačić",NULL,unknown,closed,2008-07-30,30,7,2008,3,Wednesday,87895.09,3662.30,7,87895.09,NULL,NULL,NULL
11332000,"Project Phoenix","Ivan Vuković",NULL,unknown,closed,2008-07-30,30,7,2008,3,Wednesday,87894.50,3662.27,8,87894.50,NULL,NULL,NULL
11336000,"Project Atlas","Katarina Kovačić",NULL,unknown,closed,2008-07-30,30,7,2008,3,Wednesday,87890.18,3662.09,13,87890.18,NULL,NULL,NULL
11337000,"Project Nova","Ana Marić",NULL,unknown,closed,2008-07-30,30,7,2008,3,Wednesday,87889.68,3662.07,12,87889.68,NULL,NULL,NULL
11338000,"Project Horizon","Marko Božić",NULL,unknown,closed,2008-07-31,31,7,2008,3,Thursday,87993.27,3666.39,8,87993.27,NULL,NULL,NULL
11339000,"Project Orion","Marko Novak",NULL,unknown,closed,2008-07-31,31,7,2008,3,Thursday,87865.26,3661.05,5,87865.26,NULL,NULL,NULL
11341000,"Project Zenith","Ivan Vuković",NULL,unknown,closed,2008-07-31,31,7,2008,3,Thursday,87986.19,3666.09,8,87986.19,NULL,NULL,NULL
11342000,"Project Eclipse","Katarina Kovačić",NULL,unknown,closed,2008-08-01,1,8,2008,3,Friday,87840.09,3660.00,30,87840.09,NULL,NULL,NULL
11343000,"Project Nova","Petra Jurić",NULL,unknown,closed,2008-08-03,3,8,2008,3,Sunday,87923.74,3663.49,7,87923.74,NULL,NULL,NULL
11344000,"Project Quantum","Marko Knežević",NULL,unknown,closed,2008-08-03,3,8,2008,3,Sunday,87799.14,3658.30,6,87799.14,NULL,NULL,NULL
11345000,"Project Vega","Petra Novak",NULL,unknown,closed,2008-08-03,3,8,2008,3,Sunday,87798.45,3658.27,4,87798.45,NULL,NULL,NULL
11346000,"Project Nova","Petra Jurić",NULL,unknown,closed,2008-08-03,3,8,2008,3,Sunday,87909.15,3662.88,6,87909.15,NULL,NULL,NULL
11347000,"Project Zenith","Ivan Vuković",NULL,unknown,closed,2008-08-04,4,8,2008,3,Monday,87898.90,3662.45,7,87898.90,NULL,NULL,NULL
11348000,"Project Eclipse","Josip Vuković",NULL,unknown,closed,2008-08-04,4,8,2008,3,Monday,87897.87,3662.41,7,87897.87,NULL,NULL,NULL
11349000,"Project Eclipse","Katarina Kovačić",NULL,unknown,closed,2008-08-04,4,8,2008,3,Monday,87773.31,3657.22,11,87773.31,NULL,NULL,NULL
11350000,"Project Horizon","Marko Božić",NULL,unknown,closed,2008-08-04,4,8,2008,3,Monday,87896.30,3662.35,7,87896.30,NULL,NULL,NULL
11355000,"Project Eclipse","Katarina Kovačić",NULL,unknown,closed,2008-08-05,5,8,2008,3,Tuesday,87744.24,3656.01,3,87744.24,NULL,NULL,NULL
11356000,"Project Eclipse","Katarina Kovačić",NULL,unknown,closed,2008-08-05,5,8,2008,3,Tuesday,87741.88,3655.91,12,87741.88,NULL,NULL,NULL
11361000,"Project Zenith","Ivan Vuković",NULL,unknown,closed,2008-08-06,6,8,2008,3,Wednesday,87844.97,3660.21,7,87844.97,NULL,NULL,NULL
11362000,"Project Zenith","Ivan Vuković",NULL,unknown,closed,2008-08-06,6,8,2008,3,Wednesday,87844.05,3660.17,6,87844.05,NULL,NULL,NULL
11363000,"Project Eclipse","Petra Jurić",NULL,unknown,closed,2008-08-07,7,8,2008,3,Thursday,87826.02,3659.42,4,87826.02,NULL,NULL,NULL
11365000,"Project Nova","Petra Jurić",NULL,unknown,closed,2008-08-07,7,8,2008,3,Thursday,87823.05,3659.29,6,87823.05,NULL,NULL,NULL
11367000,"Project Nova","Ana Božić",NULL,unknown,closed,2008-08-07,7,8,2008,3,Thursday,87698.61,3654.11,2,87698.61,NULL,NULL,NULL
11369000,"Project Horizon","Luka Horvat",NULL,unknown,closed,2008-08-10,10,8,2008,3,Sunday,87629.28,3651.22,4,87629.28,NULL,NULL,NULL
11370000,"Project Aurora","Petra Novak",NULL,unknown,closed,2008-08-10,10,8,2008,3,Sunday,87751.81,3656.33,7,87751.81,NULL,NULL,NULL
11373000,"Project Nova","Petra Jurić",NULL,unknown,closed,2008-08-10,10,8,2008,3,Sunday,87748.51,3656.19,6,87748.51,NULL,NULL,NULL
11374000,"Project Apollo","Petar Kovačić",NULL,unknown,closed,2008-08-10,10,8,2008,3,Sunday,87624.70,3651.03,13,87624.70,NULL,NULL,NULL
11376000,"Project Nova","Katarina Kovačić",NULL,unknown,closed,2008-08-11,11,8,2008,3,Monday,87600.75,3650.03,8,87600.75,NULL,NULL,NULL
11377000,"Project Solaris","Josip Horvat",NULL,unknown,closed,2008-08-12,12,8,2008,3,Tuesday,87578.86,3649.12,8,87578.86,NULL,NULL,NULL
11380000,"Project Eclipse","Petra Jurić",NULL,unknown,closed,2008-08-12,12,8,2008,3,Tuesday,87698.77,3654.12,5,87698.77,NULL,NULL,NULL
11381000,"Project Horizon","Luka Horvat",NULL,unknown,closed,2008-08-13,13,8,2008,3,Wednesday,87559.55,3648.31,10,87559.55,NULL,NULL,NULL
11382000,"Project Nova","Katarina Kovačić",NULL,unknown,closed,2008-08-13,13,8,2008,3,Wednesday,87556.65,3648.19,9,87556.65,NULL,NULL,NULL
11384000,"Project Solaris","Josip Horvat",NULL,unknown,closed,2008-08-14,14,8,2008,3,Thursday,87534.32,3647.26,8,87534.32,NULL,NULL,NULL
11385000,"Project Nova","Katarina Kovačić",NULL,unknown,closed,2008-08-14,14,8,2008,3,Thursday,87532.68,3647.20,44,87532.68,NULL,NULL,NULL
11386000,"Project Apollo","Petar Kovačić",NULL,unknown,closed,2008-08-14,14,8,2008,3,Thursday,87531.92,3647.16,9,87531.92,NULL,NULL,NULL
11387000,"Project Zenith","Ivan Vuković",NULL,unknown,closed,2008-08-14,14,8,2008,3,Thursday,87651.50,3652.15,6,87651.50,NULL,NULL,NULL
11388000,"Project Aurora","Petra Novak",NULL,unknown,closed,2008-08-17,17,8,2008,3,Sunday,87586.84,3649.45,6,87586.84,NULL,NULL,NULL
11389000,"Project Phoenix","Ivana Novak",NULL,unknown,closed,2008-08-17,17,8,2008,3,Sunday,87463.59,3644.32,7,87463.59,NULL,NULL,NULL
11391000,"Project Horizon","Marko Božić",NULL,unknown,closed,2008-08-17,17,8,2008,3,Sunday,87582.10,3649.25,3,87582.10,NULL,NULL,NULL
11392000,"Project Eclipse","Katarina Kovačić",NULL,unknown,closed,2008-08-17,17,8,2008,3,Sunday,87458.85,3644.12,6,87458.85,NULL,NULL,NULL
11393000,"Project Apollo","Petar Kovačić",NULL,unknown,closed,2008-08-17,17,8,2008,3,Sunday,87454.86,3643.95,7,87454.86,NULL,NULL,NULL
11394000,"Project Zenith","Ivan Vuković",NULL,unknown,closed,2008-08-18,18,8,2008,3,Monday,87562.40,3648.43,5,87562.40,NULL,NULL,NULL
11395000,"Project Apollo","Petar Kovačić",NULL,unknown,closed,2008-08-18,18,8,2008,3,Monday,87439.11,3643.30,36,87439.11,NULL,NULL,NULL
11396000,"Project Orion","Luka Knežević",NULL,unknown,closed,2008-08-18,18,8,2008,3,Monday,87562.15,3648.42,6,87562.15,NULL,NULL,NULL
11397000,"Project Nova","Petra Jurić",NULL,unknown,closed,2008-08-18,18,8,2008,3,Monday,87558.78,3648.28,4,87558.78,NULL,NULL,NULL
11398000,"Project Nova","Petra Babić",NULL,unknown,closed,2008-08-19,19,8,2008,3,Tuesday,87408.20,3642.01,4,87408.20,NULL,NULL,NULL
11400000,"Project Orion","Luka Knežević",NULL,unknown,closed,2008-08-24,24,8,2008,3,Sunday,87418.84,3642.45,6,87418.84,NULL,NULL,NULL
11403000,"Project Eclipse","Katarina Kovačić",NULL,unknown,closed,2008-08-24,24,8,2008,3,Sunday,87294.29,3637.26,17,87294.29,NULL,NULL,NULL
11404000,"Project Eclipse","Katarina Kovačić",NULL,unknown,closed,2008-08-24,24,8,2008,3,Sunday,87294.18,3637.26,13,87294.18,NULL,NULL,NULL
11405000,"Project Eclipse","Petra Jurić",NULL,unknown,closed,2008-08-24,24,8,2008,3,Sunday,87414.17,3642.26,7,87414.17,NULL,NULL,NULL
11407000,"Project Nova","Petra Jurić",NULL,unknown,closed,2008-08-24,24,8,2008,3,Sunday,87413.82,3642.24,4,87413.82,NULL,NULL,NULL
11408000,"Project Nova","Petra Jurić",NULL,unknown,closed,2008-08-24,24,8,2008,3,Sunday,87410.68,3642.11,6,87410.68,NULL,NULL,NULL
11409000,"Project Zenith","Ivan Vuković",NULL,unknown,closed,2008-08-25,25,8,2008,3,Monday,87393.68,3641.40,7,87393.68,NULL,NULL,NULL
11410000,"Project Orion","Marko Novak",NULL,unknown,closed,2008-08-25,25,8,2008,3,Monday,87270.22,3636.26,6,87270.22,NULL,NULL,NULL
11411000,"Project Horizon","Marko Božić",NULL,unknown,closed,2008-08-25,25,8,2008,3,Monday,87386.44,3641.10,3,87386.44,NULL,NULL,NULL
11412000,"Project Zenith","Ivan Vuković",NULL,unknown,closed,2008-08-26,26,8,2008,3,Tuesday,87366.55,3640.27,4,87366.55,NULL,NULL,NULL
11413000,"Project Nova","Petra Jurić",NULL,unknown,closed,2008-08-27,27,8,2008,3,Wednesday,87346.17,3639.42,4,87346.17,NULL,NULL,NULL
11415000,"Project Quantum","Ivana Knežević",NULL,unknown,closed,2008-08-27,27,8,2008,3,Wednesday,87218.32,3634.10,3,87218.32,NULL,NULL,NULL
11416000,"Project Nova","Petra Jurić",NULL,unknown,closed,2008-08-28,28,8,2008,3,Thursday,87322.88,3638.45,7,87322.88,NULL,NULL,NULL
11418000,"Project Zenith","Ivan Vuković",NULL,unknown,closed,2008-08-28,28,8,2008,3,Thursday,87317.26,3638.22,5,87317.26,NULL,NULL,NULL
11420000,"Project Aurora","Petra Novak",NULL,unknown,closed,2008-08-31,31,8,2008,3,Sunday,87250.91,3635.45,3,87250.91,NULL,NULL,NULL
11421000,"Project Nova","Ana Božić",NULL,unknown,closed,2008-08-31,31,8,2008,3,Sunday,87126.32,3630.26,3,87126.32,NULL,NULL,NULL
11422000,"Project Nova","Ana Božić",NULL,unknown,closed,2008-08-31,31,8,2008,3,Sunday,87126.33,3630.26,7,87126.33,NULL,NULL,NULL
11423000,"Project Vega","Marko Kovačić",NULL,unknown,closed,2008-08-31,31,8,2008,3,Sunday,87126.49,3630.27,8,87126.49,NULL,NULL,NULL
11424000,"Project Zenith","Ivan Vuković",NULL,unknown,closed,2008-08-31,31,8,2008,3,Sunday,87248.97,3635.37,7,87248.97,NULL,NULL,NULL
11425000,"Project Orion","Marko Novak",NULL,unknown,closed,2008-08-31,31,8,2008,3,Sunday,87125.50,3630.23,20,87125.50,NULL,NULL,NULL
11426000,"Project Vega","Marko Kovačić",NULL,unknown,closed,2008-08-31,31,8,2008,3,Sunday,87124.07,3630.17,7,87124.07,NULL,NULL,NULL
11427000,"Project Horizon","Luka Horvat",NULL,unknown,closed,2008-08-31,31,8,2008,3,Sunday,87123.89,3630.16,21,87123.89,NULL,NULL,NULL
11428000,"Project Nova","Petra Jurić",NULL,unknown,closed,2008-08-31,31,8,2008,3,Sunday,87246.06,3635.25,4,87246.06,NULL,NULL,NULL
11429000,"Project Eclipse","Petra Jurić",NULL,unknown,closed,2008-08-31,31,8,2008,3,Sunday,87242.59,3635.11,10,87242.59,NULL,NULL,NULL
11430000,"Project Nova","Petra Jurić",NULL,unknown,closed,2008-08-31,31,8,2008,3,Sunday,87242.51,3635.10,3,87242.51,NULL,NULL,NULL
11431000,"Project Eclipse","Petra Jurić",NULL,unknown,closed,2008-08-31,31,8,2008,3,Sunday,87241.92,3635.08,6,87241.92,NULL,NULL,NULL
11432000,"Project Apollo","Katarina Božić",NULL,unknown,closed,2008-09-01,1,9,2008,3,Monday,87097.52,3629.06,12,87097.52,NULL,NULL,NULL
11434000,"Project Atlas","Katarina Kovačić",NULL,unknown,closed,2008-09-02,2,9,2008,3,Tuesday,87076.80,3628.20,6,87076.80,NULL,NULL,NULL
11435000,"Project Orion","Marko Novak",NULL,unknown,closed,2008-09-02,2,9,2008,3,Tuesday,87074.27,3628.09,20,87074.27,NULL,NULL,NULL
11436000,"Project Quantum","Ivan Horvat",NULL,unknown,closed,2008-09-03,3,9,2008,3,Wednesday,87055.49,3627.31,15,87055.49,NULL,NULL,NULL
11437000,"Project Solaris","Josip Horvat",NULL,unknown,closed,2008-09-03,3,9,2008,3,Wednesday,87050.10,3627.09,13,87050.10,NULL,NULL,NULL
11438000,"Project Zenith","Ivan Vuković",NULL,unknown,closed,2008-09-04,4,9,2008,3,Thursday,87152.80,3631.37,23,87152.80,NULL,NULL,NULL
11443000,"Project Eclipse","Petra Jurić",NULL,unknown,closed,2008-09-04,4,9,2008,3,Thursday,87151.14,3631.30,4,87151.14,NULL,NULL,NULL
11444000,"Project Apollo","Petar Kovačić",NULL,unknown,closed,2008-09-07,7,9,2008,3,Sunday,86958.41,3623.27,11,86958.41,NULL,NULL,NULL
11445000,"Project Nova","Petra Babić",NULL,unknown,closed,2008-09-07,7,9,2008,3,Sunday,86957.14,3623.21,3,86957.14,NULL,NULL,NULL
11446000,"Project Phoenix","Ivan Vuković",NULL,unknown,closed,2008-09-07,7,9,2008,3,Sunday,86954.55,3623.11,8,86954.55,NULL,NULL,NULL
11447000,"Project Nova","Ana Marić",NULL,unknown,closed,2008-09-07,7,9,2008,3,Sunday,86951.50,3622.98,6,86951.50,NULL,NULL,NULL
11448000,"Project Phoenix","Ivan Vuković",NULL,unknown,closed,2008-09-08,8,9,2008,3,Monday,86935.44,3622.31,6,86935.44,NULL,NULL,NULL
11449000,"Project Vega","Petar Knežević",NULL,unknown,closed,2008-09-08,8,9,2008,3,Monday,86934.15,3622.26,4,86934.15,NULL,NULL,NULL
11450000,"Project Nova","Petra Jurić",NULL,unknown,closed,2008-09-08,8,9,2008,3,Monday,87055.97,3627.33,5,87055.97,NULL,NULL,NULL
11452000,"Project Solaris","Josip Horvat",NULL,unknown,closed,2008-09-08,8,9,2008,3,Monday,86929.36,3622.06,22,86929.36,NULL,NULL,NULL
11453000,"Project Atlas","Marko Novak",NULL,unknown,closed,2008-09-09,9,9,2008,3,Tuesday,87035.36,3626.47,4,87035.36,NULL,NULL,NULL
11454000,"Project Solaris","Josip Horvat",NULL,unknown,closed,2008-09-09,9,9,2008,3,Tuesday,86908.57,3621.19,11,86908.57,NULL,NULL,NULL
11455000,"Project Phoenix","Ivan Vuković",NULL,unknown,closed,2008-09-09,9,9,2008,3,Tuesday,86906.60,3621.11,31,86906.60,NULL,NULL,NULL
11458000,"Project Solaris","Josip Božić",NULL,unknown,closed,2008-09-10,10,9,2008,3,Wednesday,86885.91,3620.25,30,86885.91,NULL,NULL,NULL
11459000,"Project Nova","Petra Babić",NULL,unknown,closed,2008-09-10,10,9,2008,3,Wednesday,86885.07,3620.21,15,86885.07,NULL,NULL,NULL
